ISO-10303-21;
HEADER;
FILE_DESCRIPTION(('Open CASCADE Model'),'2;1');
FILE_NAME('Open CASCADE Shape Model','2026-09-26T12:31:33',('Author'),(
    'Open CASCADE'),'Open CASCADE STEP processor 7.9','Open CASCADE 7.9'
  ,'Unknown');
FILE_SCHEMA(('AUTOMOTIVE_DESIGN { 1 0 10303 214 1 1 1 1 }'));
ENDSEC;
DATA;
#1 = APPLICATION_PROTOCOL_DEFINITION('international standard',
  'automotive_design',2000,#2);
#2 = APPLICATION_CONTEXT(
  'core data for automotive mechanical design processes');
#3 = SHAPE_DEFINITION_REPRESENTATION(#4,#10);
#4 = PRODUCT_DEFINITION_SHAPE('','',#5);
#5 = PRODUCT_DEFINITION('design','',#6,#9);
#6 = PRODUCT_DEFINITION_FORMATION('','',#7);
#7 = PRODUCT('Open CASCADE STEP translator 7.9 4',
  'Open CASCADE STEP translator 7.9 4','',(#8));
#8 = PRODUCT_CONTEXT('',#2,'mechanical');
#9 = PRODUCT_DEFINITION_CONTEXT('part definition',#2,'design');
#10 = ADVANCED_BREP_SHAPE_REPRESENTATION('',(#11,#15),#1973);
#11 = AXIS2_PLACEMENT_3D('',#12,#13,#14);
#12 = CARTESIAN_POINT('',(0.,0.,0.));
#13 = DIRECTION('',(0.,0.,1.));
#14 = DIRECTION('',(1.,0.,-0.));
#15 = MANIFOLD_SOLID_BREP('',#16);
#16 = CLOSED_SHELL('',(#17,#137,#336,#734,#853,#982,#1371,#1378,#1405,
    #1502,#1509,#1564,#1619,#1673,#1727,#1782,#1837,#1891,#1945,#1952,
    #1959,#1966));
#17 = ADVANCED_FACE('',(#18),#32,.F.);
#18 = FACE_BOUND('',#19,.F.);
#19 = EDGE_LOOP('',(#20,#55,#83,#111));
#20 = ORIENTED_EDGE('',*,*,#21,.F.);
#21 = EDGE_CURVE('',#22,#24,#26,.T.);
#22 = VERTEX_POINT('',#23);
#23 = CARTESIAN_POINT('',(-28.,8.,22.8000001));
#24 = VERTEX_POINT('',#25);
#25 = CARTESIAN_POINT('',(-28.,8.,8.0000001));
#26 = SURFACE_CURVE('',#27,(#31,#43),.PCURVE_S1.);
#27 = LINE('',#28,#29);
#28 = CARTESIAN_POINT('',(-28.,8.,22.8000001));
#29 = VECTOR('',#30,1.);
#30 = DIRECTION('',(0.,-1.224646799147E-16,-1.));
#31 = PCURVE('',#32,#37);
#32 = PLANE('',#33);
#33 = AXIS2_PLACEMENT_3D('',#34,#35,#36);
#34 = CARTESIAN_POINT('',(-28.,8.,22.8000001));
#35 = DIRECTION('',(1.,0.,0.));
#36 = DIRECTION('',(0.,-1.224646799147E-16,-1.));
#37 = DEFINITIONAL_REPRESENTATION('',(#38),#42);
#38 = LINE('',#39,#40);
#39 = CARTESIAN_POINT('',(0.,0.));
#40 = VECTOR('',#41,1.);
#41 = DIRECTION('',(1.,0.));
#42 = ( GEOMETRIC_REPRESENTATION_CONTEXT(2) 
PARAMETRIC_REPRESENTATION_CONTEXT() REPRESENTATION_CONTEXT('2D SPACE',''
  ) );
#43 = PCURVE('',#44,#49);
#44 = PLANE('',#45);
#45 = AXIS2_PLACEMENT_3D('',#46,#47,#48);
#46 = CARTESIAN_POINT('',(-28.,8.,22.8000001));
#47 = DIRECTION('',(0.,-1.,1.224646799147E-16));
#48 = DIRECTION('',(0.,-1.224646799147E-16,-1.));
#49 = DEFINITIONAL_REPRESENTATION('',(#50),#54);
#50 = LINE('',#51,#52);
#51 = CARTESIAN_POINT('',(0.,0.));
#52 = VECTOR('',#53,1.);
#53 = DIRECTION('',(1.,0.));
#54 = ( GEOMETRIC_REPRESENTATION_CONTEXT(2) 
PARAMETRIC_REPRESENTATION_CONTEXT() REPRESENTATION_CONTEXT('2D SPACE',''
  ) );
#55 = ORIENTED_EDGE('',*,*,#56,.T.);
#56 = EDGE_CURVE('',#22,#57,#59,.T.);
#57 = VERTEX_POINT('',#58);
#58 = CARTESIAN_POINT('',(-28.,-8.,22.8000001));
#59 = SURFACE_CURVE('',#60,(#64,#71),.PCURVE_S1.);
#60 = LINE('',#61,#62);
#61 = CARTESIAN_POINT('',(-28.,8.,22.8000001));
#62 = VECTOR('',#63,1.);
#63 = DIRECTION('',(0.,-1.,1.224646799147E-16));
#64 = PCURVE('',#32,#65);
#65 = DEFINITIONAL_REPRESENTATION('',(#66),#70);
#66 = LINE('',#67,#68);
#67 = CARTESIAN_POINT('',(0.,0.));
#68 = VECTOR('',#69,1.);
#69 = DIRECTION('',(0.,-1.));
#70 = ( GEOMETRIC_REPRESENTATION_CONTEXT(2) 
PARAMETRIC_REPRESENTATION_CONTEXT() REPRESENTATION_CONTEXT('2D SPACE',''
  ) );
#71 = PCURVE('',#72,#77);
#72 = PLANE('',#73);
#73 = AXIS2_PLACEMENT_3D('',#74,#75,#76);
#74 = CARTESIAN_POINT('',(-28.,8.,22.8000001));
#75 = DIRECTION('',(0.,-1.224646799147E-16,-1.));
#76 = DIRECTION('',(1.,0.,0.));
#77 = DEFINITIONAL_REPRESENTATION('',(#78),#82);
#78 = LINE('',#79,#80);
#79 = CARTESIAN_POINT('',(0.,0.));
#80 = VECTOR('',#81,1.);
#81 = DIRECTION('',(0.,1.));
#82 = ( GEOMETRIC_REPRESENTATION_CONTEXT(2) 
PARAMETRIC_REPRESENTATION_CONTEXT() REPRESENTATION_CONTEXT('2D SPACE',''
  ) );
#83 = ORIENTED_EDGE('',*,*,#84,.T.);
#84 = EDGE_CURVE('',#57,#85,#87,.T.);
#85 = VERTEX_POINT('',#86);
#86 = CARTESIAN_POINT('',(-28.,-8.,8.0000001));
#87 = SURFACE_CURVE('',#88,(#92,#99),.PCURVE_S1.);
#88 = LINE('',#89,#90);
#89 = CARTESIAN_POINT('',(-28.,-8.,22.8000001));
#90 = VECTOR('',#91,1.);
#91 = DIRECTION('',(0.,-1.224646799147E-16,-1.));
#92 = PCURVE('',#32,#93);
#93 = DEFINITIONAL_REPRESENTATION('',(#94),#98);
#94 = LINE('',#95,#96);
#95 = CARTESIAN_POINT('',(-1.593278800165E-15,-16.));
#96 = VECTOR('',#97,1.);
#97 = DIRECTION('',(1.,0.));
#98 = ( GEOMETRIC_REPRESENTATION_CONTEXT(2) 
PARAMETRIC_REPRESENTATION_CONTEXT() REPRESENTATION_CONTEXT('2D SPACE',''
  ) );
#99 = PCURVE('',#100,#105);
#100 = PLANE('',#101);
#101 = AXIS2_PLACEMENT_3D('',#102,#103,#104);
#102 = CARTESIAN_POINT('',(-28.,-8.,22.8000001));
#103 = DIRECTION('',(0.,-1.,1.224646799147E-16));
#104 = DIRECTION('',(0.,-1.224646799147E-16,-1.));
#105 = DEFINITIONAL_REPRESENTATION('',(#106),#110);
#106 = LINE('',#107,#108);
#107 = CARTESIAN_POINT('',(0.,0.));
#108 = VECTOR('',#109,1.);
#109 = DIRECTION('',(1.,0.));
#110 = ( GEOMETRIC_REPRESENTATION_CONTEXT(2) 
PARAMETRIC_REPRESENTATION_CONTEXT() REPRESENTATION_CONTEXT('2D SPACE',''
  ) );
#111 = ORIENTED_EDGE('',*,*,#112,.F.);
#112 = EDGE_CURVE('',#24,#85,#113,.T.);
#113 = SURFACE_CURVE('',#114,(#118,#125),.PCURVE_S1.);
#114 = LINE('',#115,#116);
#115 = CARTESIAN_POINT('',(-28.,8.,8.0000001));
#116 = VECTOR('',#117,1.);
#117 = DIRECTION('',(0.,-1.,1.224646799147E-16));
#118 = PCURVE('',#32,#119);
#119 = DEFINITIONAL_REPRESENTATION('',(#120),#124);
#120 = LINE('',#121,#122);
#121 = CARTESIAN_POINT('',(14.8,-5.292950094863E-15));
#122 = VECTOR('',#123,1.);
#123 = DIRECTION('',(0.,-1.));
#124 = ( GEOMETRIC_REPRESENTATION_CONTEXT(2) 
PARAMETRIC_REPRESENTATION_CONTEXT() REPRESENTATION_CONTEXT('2D SPACE',''
  ) );
#125 = PCURVE('',#126,#131);
#126 = CYLINDRICAL_SURFACE('',#127,8.);
#127 = AXIS2_PLACEMENT_3D('',#128,#129,#130);
#128 = CARTESIAN_POINT('',(-20.,8.,8.0000001));
#129 = DIRECTION('',(0.,-1.,1.224646799147E-16));
#130 = DIRECTION('',(-1.,-0.,0.));
#131 = DEFINITIONAL_REPRESENTATION('',(#132),#136);
#132 = LINE('',#133,#134);
#133 = CARTESIAN_POINT('',(0.,0.));
#134 = VECTOR('',#135,1.);
#135 = DIRECTION('',(0.,1.));
#136 = ( GEOMETRIC_REPRESENTATION_CONTEXT(2) 
PARAMETRIC_REPRESENTATION_CONTEXT() REPRESENTATION_CONTEXT('2D SPACE',''
  ) );
#137 = ADVANCED_FACE('',(#138),#44,.F.);
#138 = FACE_BOUND('',#139,.F.);
#139 = EDGE_LOOP('',(#140,#175,#203,#231,#264,#285,#286,#310));
#140 = ORIENTED_EDGE('',*,*,#141,.F.);
#141 = EDGE_CURVE('',#142,#144,#146,.T.);
#142 = VERTEX_POINT('',#143);
#143 = CARTESIAN_POINT('',(28.,8.,8.0000001));
#144 = VERTEX_POINT('',#145);
#145 = CARTESIAN_POINT('',(20.,8.,1.000000011686E-07));
#146 = SURFACE_CURVE('',#147,(#152,#163),.PCURVE_S1.);
#147 = CIRCLE('',#148,8.);
#148 = AXIS2_PLACEMENT_3D('',#149,#150,#151);
#149 = CARTESIAN_POINT('',(20.,8.,8.0000001));
#150 = DIRECTION('',(-0.,1.,-1.224646799147E-16));
#151 = DIRECTION('',(0.,-1.224646799147E-16,-1.));
#152 = PCURVE('',#44,#153);
#153 = DEFINITIONAL_REPRESENTATION('',(#154),#162);
#154 = ( BOUNDED_CURVE() B_SPLINE_CURVE(2,(#155,#156,#157,#158,#159,#160
,#161),.UNSPECIFIED.,.T.,.F.) B_SPLINE_CURVE_WITH_KNOTS((1,2,2,2,2,1),(
    -2.094395102393,0.,2.094395102393,4.188790204786,6.28318530718,
8.377580409573),.UNSPECIFIED.) CURVE() GEOMETRIC_REPRESENTATION_ITEM() 
RATIONAL_B_SPLINE_CURVE((1.,0.5,1.,0.5,1.,0.5,1.)) REPRESENTATION_ITEM(
  '') );
#155 = CARTESIAN_POINT('',(22.8,48.));
#156 = CARTESIAN_POINT('',(22.8,34.143593539449));
#157 = CARTESIAN_POINT('',(10.8,41.071796769724));
#158 = CARTESIAN_POINT('',(-1.2,48.));
#159 = CARTESIAN_POINT('',(10.8,54.928203230276));
#160 = CARTESIAN_POINT('',(22.8,61.856406460551));
#161 = CARTESIAN_POINT('',(22.8,48.));
#162 = ( GEOMETRIC_REPRESENTATION_CONTEXT(2) 
PARAMETRIC_REPRESENTATION_CONTEXT() REPRESENTATION_CONTEXT('2D SPACE',''
  ) );
#163 = PCURVE('',#164,#169);
#164 = CYLINDRICAL_SURFACE('',#165,8.);
#165 = AXIS2_PLACEMENT_3D('',#166,#167,#168);
#166 = CARTESIAN_POINT('',(20.,8.,8.0000001));
#167 = DIRECTION('',(0.,-1.,1.224646799147E-16));
#168 = DIRECTION('',(1.,0.,0.));
#169 = DEFINITIONAL_REPRESENTATION('',(#170),#174);
#170 = LINE('',#171,#172);
#171 = CARTESIAN_POINT('',(4.712388980385,-0.));
#172 = VECTOR('',#173,1.);
#173 = DIRECTION('',(-1.,0.));
#174 = ( GEOMETRIC_REPRESENTATION_CONTEXT(2) 
PARAMETRIC_REPRESENTATION_CONTEXT() REPRESENTATION_CONTEXT('2D SPACE',''
  ) );
#175 = ORIENTED_EDGE('',*,*,#176,.F.);
#176 = EDGE_CURVE('',#177,#142,#179,.T.);
#177 = VERTEX_POINT('',#178);
#178 = CARTESIAN_POINT('',(28.,8.,22.8000001));
#179 = SURFACE_CURVE('',#180,(#184,#191),.PCURVE_S1.);
#180 = LINE('',#181,#182);
#181 = CARTESIAN_POINT('',(28.,8.,22.8000001));
#182 = VECTOR('',#183,1.);
#183 = DIRECTION('',(0.,-1.224646799147E-16,-1.));
#184 = PCURVE('',#44,#185);
#185 = DEFINITIONAL_REPRESENTATION('',(#186),#190);
#186 = LINE('',#187,#188);
#187 = CARTESIAN_POINT('',(0.,56.));
#188 = VECTOR('',#189,1.);
#189 = DIRECTION('',(1.,0.));
#190 = ( GEOMETRIC_REPRESENTATION_CONTEXT(2) 
PARAMETRIC_REPRESENTATION_CONTEXT() REPRESENTATION_CONTEXT('2D SPACE',''
  ) );
#191 = PCURVE('',#192,#197);
#192 = PLANE('',#193);
#193 = AXIS2_PLACEMENT_3D('',#194,#195,#196);
#194 = CARTESIAN_POINT('',(28.,8.,22.8000001));
#195 = DIRECTION('',(1.,0.,0.));
#196 = DIRECTION('',(0.,-1.224646799147E-16,-1.));
#197 = DEFINITIONAL_REPRESENTATION('',(#198),#202);
#198 = LINE('',#199,#200);
#199 = CARTESIAN_POINT('',(0.,0.));
#200 = VECTOR('',#201,1.);
#201 = DIRECTION('',(1.,0.));
#202 = ( GEOMETRIC_REPRESENTATION_CONTEXT(2) 
PARAMETRIC_REPRESENTATION_CONTEXT() REPRESENTATION_CONTEXT('2D SPACE',''
  ) );
#203 = ORIENTED_EDGE('',*,*,#204,.F.);
#204 = EDGE_CURVE('',#205,#177,#207,.T.);
#205 = VERTEX_POINT('',#206);
#206 = CARTESIAN_POINT('',(18.582787734891,8.,22.8000001));
#207 = SURFACE_CURVE('',#208,(#212,#219),.PCURVE_S1.);
#208 = LINE('',#209,#210);
#209 = CARTESIAN_POINT('',(-28.,8.,22.8000001));
#210 = VECTOR('',#211,1.);
#211 = DIRECTION('',(1.,0.,0.));
#212 = PCURVE('',#44,#213);
#213 = DEFINITIONAL_REPRESENTATION('',(#214),#218);
#214 = LINE('',#215,#216);
#215 = CARTESIAN_POINT('',(0.,0.));
#216 = VECTOR('',#217,1.);
#217 = DIRECTION('',(0.,1.));
#218 = ( GEOMETRIC_REPRESENTATION_CONTEXT(2) 
PARAMETRIC_REPRESENTATION_CONTEXT() REPRESENTATION_CONTEXT('2D SPACE',''
  ) );
#219 = PCURVE('',#220,#225);
#220 = PLANE('',#221);
#221 = AXIS2_PLACEMENT_3D('',#222,#223,#224);
#222 = CARTESIAN_POINT('',(-28.,8.,22.8000001));
#223 = DIRECTION('',(0.,-1.224646799147E-16,-1.));
#224 = DIRECTION('',(1.,0.,0.));
#225 = DEFINITIONAL_REPRESENTATION('',(#226),#230);
#226 = LINE('',#227,#228);
#227 = CARTESIAN_POINT('',(0.,0.));
#228 = VECTOR('',#229,1.);
#229 = DIRECTION('',(1.,0.));
#230 = ( GEOMETRIC_REPRESENTATION_CONTEXT(2) 
PARAMETRIC_REPRESENTATION_CONTEXT() REPRESENTATION_CONTEXT('2D SPACE',''
  ) );
#231 = ORIENTED_EDGE('',*,*,#232,.T.);
#232 = EDGE_CURVE('',#205,#233,#235,.T.);
#233 = VERTEX_POINT('',#234);
#234 = CARTESIAN_POINT('',(-18.58278773489,8.,22.8000001));
#235 = SURFACE_CURVE('',#236,(#241,#252),.PCURVE_S1.);
#236 = CIRCLE('',#237,18.6);
#237 = AXIS2_PLACEMENT_3D('',#238,#239,#240);
#238 = CARTESIAN_POINT('',(0.,8.,23.6000001));
#239 = DIRECTION('',(0.,1.,-1.224646799147E-16));
#240 = DIRECTION('',(1.,0.,0.));
#241 = PCURVE('',#44,#242);
#242 = DEFINITIONAL_REPRESENTATION('',(#243),#251);
#243 = ( BOUNDED_CURVE() B_SPLINE_CURVE(2,(#244,#245,#246,#247,#248,#249
,#250),.UNSPECIFIED.,.T.,.F.) B_SPLINE_CURVE_WITH_KNOTS((1,2,2,2,2,1),(
    -2.094395102393,0.,2.094395102393,4.188790204786,6.28318530718,
8.377580409573),.UNSPECIFIED.) CURVE() GEOMETRIC_REPRESENTATION_ITEM() 
RATIONAL_B_SPLINE_CURVE((1.,0.5,1.,0.5,1.,0.5,1.)) REPRESENTATION_ITEM(
  '') );
#244 = CARTESIAN_POINT('',(-0.8,46.6));
#245 = CARTESIAN_POINT('',(31.416145020781,46.6));
#246 = CARTESIAN_POINT('',(15.308072510391,18.7));
#247 = CARTESIAN_POINT('',(-0.8,-9.2));
#248 = CARTESIAN_POINT('',(-16.90807251039,18.7));
#249 = CARTESIAN_POINT('',(-33.01614502078,46.6));
#250 = CARTESIAN_POINT('',(-0.8,46.6));
#251 = ( GEOMETRIC_REPRESENTATION_CONTEXT(2) 
PARAMETRIC_REPRESENTATION_CONTEXT() REPRESENTATION_CONTEXT('2D SPACE',''
  ) );
#252 = PCURVE('',#253,#258);
#253 = CYLINDRICAL_SURFACE('',#254,18.6);
#254 = AXIS2_PLACEMENT_3D('',#255,#256,#257);
#255 = CARTESIAN_POINT('',(0.,9.,23.6000001));
#256 = DIRECTION('',(0.,1.,-1.224646799147E-16));
#257 = DIRECTION('',(1.,0.,0.));
#258 = DEFINITIONAL_REPRESENTATION('',(#259),#263);
#259 = LINE('',#260,#261);
#260 = CARTESIAN_POINT('',(0.,-1.));
#261 = VECTOR('',#262,1.);
#262 = DIRECTION('',(1.,0.));
#263 = ( GEOMETRIC_REPRESENTATION_CONTEXT(2) 
PARAMETRIC_REPRESENTATION_CONTEXT() REPRESENTATION_CONTEXT('2D SPACE',''
  ) );
#264 = ORIENTED_EDGE('',*,*,#265,.F.);
#265 = EDGE_CURVE('',#22,#233,#266,.T.);
#266 = SURFACE_CURVE('',#267,(#271,#278),.PCURVE_S1.);
#267 = LINE('',#268,#269);
#268 = CARTESIAN_POINT('',(-28.,8.,22.8000001));
#269 = VECTOR('',#270,1.);
#270 = DIRECTION('',(1.,0.,0.));
#271 = PCURVE('',#44,#272);
#272 = DEFINITIONAL_REPRESENTATION('',(#273),#277);
#273 = LINE('',#274,#275);
#274 = CARTESIAN_POINT('',(0.,0.));
#275 = VECTOR('',#276,1.);
#276 = DIRECTION('',(0.,1.));
#277 = ( GEOMETRIC_REPRESENTATION_CONTEXT(2) 
PARAMETRIC_REPRESENTATION_CONTEXT() REPRESENTATION_CONTEXT('2D SPACE',''
  ) );
#278 = PCURVE('',#72,#279);
#279 = DEFINITIONAL_REPRESENTATION('',(#280),#284);
#280 = LINE('',#281,#282);
#281 = CARTESIAN_POINT('',(0.,0.));
#282 = VECTOR('',#283,1.);
#283 = DIRECTION('',(1.,0.));
#284 = ( GEOMETRIC_REPRESENTATION_CONTEXT(2) 
PARAMETRIC_REPRESENTATION_CONTEXT() REPRESENTATION_CONTEXT('2D SPACE',''
  ) );
#285 = ORIENTED_EDGE('',*,*,#21,.T.);
#286 = ORIENTED_EDGE('',*,*,#287,.T.);
#287 = EDGE_CURVE('',#24,#288,#290,.T.);
#288 = VERTEX_POINT('',#289);
#289 = CARTESIAN_POINT('',(-20.,8.,1.000000011686E-07));
#290 = SURFACE_CURVE('',#291,(#296,#303),.PCURVE_S1.);
#291 = CIRCLE('',#292,8.);
#292 = AXIS2_PLACEMENT_3D('',#293,#294,#295);
#293 = CARTESIAN_POINT('',(-20.,8.,8.0000001));
#294 = DIRECTION('',(0.,-1.,1.224646799147E-16));
#295 = DIRECTION('',(0.,-1.224646799147E-16,-1.));
#296 = PCURVE('',#44,#297);
#297 = DEFINITIONAL_REPRESENTATION('',(#298),#302);
#298 = CIRCLE('',#299,8.);
#299 = AXIS2_PLACEMENT_2D('',#300,#301);
#300 = CARTESIAN_POINT('',(14.8,8.));
#301 = DIRECTION('',(1.,0.));
#302 = ( GEOMETRIC_REPRESENTATION_CONTEXT(2) 
PARAMETRIC_REPRESENTATION_CONTEXT() REPRESENTATION_CONTEXT('2D SPACE',''
  ) );
#303 = PCURVE('',#126,#304);
#304 = DEFINITIONAL_REPRESENTATION('',(#305),#309);
#305 = LINE('',#306,#307);
#306 = CARTESIAN_POINT('',(-4.712388980385,0.));
#307 = VECTOR('',#308,1.);
#308 = DIRECTION('',(1.,0.));
#309 = ( GEOMETRIC_REPRESENTATION_CONTEXT(2) 
PARAMETRIC_REPRESENTATION_CONTEXT() REPRESENTATION_CONTEXT('2D SPACE',''
  ) );
#310 = ORIENTED_EDGE('',*,*,#311,.T.);
#311 = EDGE_CURVE('',#288,#144,#312,.T.);
#312 = SURFACE_CURVE('',#313,(#317,#324),.PCURVE_S1.);
#313 = LINE('',#314,#315);
#314 = CARTESIAN_POINT('',(-28.,8.,1.000000011686E-07));
#315 = VECTOR('',#316,1.);
#316 = DIRECTION('',(1.,0.,0.));
#317 = PCURVE('',#44,#318);
#318 = DEFINITIONAL_REPRESENTATION('',(#319),#323);
#319 = LINE('',#320,#321);
#320 = CARTESIAN_POINT('',(22.8,0.));
#321 = VECTOR('',#322,1.);
#322 = DIRECTION('',(0.,1.));
#323 = ( GEOMETRIC_REPRESENTATION_CONTEXT(2) 
PARAMETRIC_REPRESENTATION_CONTEXT() REPRESENTATION_CONTEXT('2D SPACE',''
  ) );
#324 = PCURVE('',#325,#330);
#325 = PLANE('',#326);
#326 = AXIS2_PLACEMENT_3D('',#327,#328,#329);
#327 = CARTESIAN_POINT('',(-28.,8.,1.000000011686E-07));
#328 = DIRECTION('',(0.,-1.224646799147E-16,-1.));
#329 = DIRECTION('',(1.,0.,0.));
#330 = DEFINITIONAL_REPRESENTATION('',(#331),#335);
#331 = LINE('',#332,#333);
#332 = CARTESIAN_POINT('',(0.,0.));
#333 = VECTOR('',#334,1.);
#334 = DIRECTION('',(1.,0.));
#335 = ( GEOMETRIC_REPRESENTATION_CONTEXT(2) 
PARAMETRIC_REPRESENTATION_CONTEXT() REPRESENTATION_CONTEXT('2D SPACE',''
  ) );
#336 = ADVANCED_FACE('',(#337,#386,#560),#126,.T.);
#337 = FACE_BOUND('',#338,.T.);
#338 = EDGE_LOOP('',(#339,#340,#363,#385));
#339 = ORIENTED_EDGE('',*,*,#287,.T.);
#340 = ORIENTED_EDGE('',*,*,#341,.T.);
#341 = EDGE_CURVE('',#288,#342,#344,.T.);
#342 = VERTEX_POINT('',#343);
#343 = CARTESIAN_POINT('',(-20.,-8.,1.000000011686E-07));
#344 = SURFACE_CURVE('',#345,(#349,#356),.PCURVE_S1.);
#345 = LINE('',#346,#347);
#346 = CARTESIAN_POINT('',(-20.,8.,1.000000011686E-07));
#347 = VECTOR('',#348,1.);
#348 = DIRECTION('',(0.,-1.,1.224646799147E-16));
#349 = PCURVE('',#126,#350);
#350 = DEFINITIONAL_REPRESENTATION('',(#351),#355);
#351 = LINE('',#352,#353);
#352 = CARTESIAN_POINT('',(1.570796326795,0.));
#353 = VECTOR('',#354,1.);
#354 = DIRECTION('',(0.,1.));
#355 = ( GEOMETRIC_REPRESENTATION_CONTEXT(2) 
PARAMETRIC_REPRESENTATION_CONTEXT() REPRESENTATION_CONTEXT('2D SPACE',''
  ) );
#356 = PCURVE('',#325,#357);
#357 = DEFINITIONAL_REPRESENTATION('',(#358),#362);
#358 = LINE('',#359,#360);
#359 = CARTESIAN_POINT('',(8.,0.));
#360 = VECTOR('',#361,1.);
#361 = DIRECTION('',(0.,1.));
#362 = ( GEOMETRIC_REPRESENTATION_CONTEXT(2) 
PARAMETRIC_REPRESENTATION_CONTEXT() REPRESENTATION_CONTEXT('2D SPACE',''
  ) );
#363 = ORIENTED_EDGE('',*,*,#364,.F.);
#364 = EDGE_CURVE('',#85,#342,#365,.T.);
#365 = SURFACE_CURVE('',#366,(#371,#378),.PCURVE_S1.);
#366 = CIRCLE('',#367,8.);
#367 = AXIS2_PLACEMENT_3D('',#368,#369,#370);
#368 = CARTESIAN_POINT('',(-20.,-8.,8.0000001));
#369 = DIRECTION('',(0.,-1.,1.224646799147E-16));
#370 = DIRECTION('',(0.,-1.224646799147E-16,-1.));
#371 = PCURVE('',#126,#372);
#372 = DEFINITIONAL_REPRESENTATION('',(#373),#377);
#373 = LINE('',#374,#375);
#374 = CARTESIAN_POINT('',(-4.712388980385,16.));
#375 = VECTOR('',#376,1.);
#376 = DIRECTION('',(1.,0.));
#377 = ( GEOMETRIC_REPRESENTATION_CONTEXT(2) 
PARAMETRIC_REPRESENTATION_CONTEXT() REPRESENTATION_CONTEXT('2D SPACE',''
  ) );
#378 = PCURVE('',#100,#379);
#379 = DEFINITIONAL_REPRESENTATION('',(#380),#384);
#380 = CIRCLE('',#381,8.);
#381 = AXIS2_PLACEMENT_2D('',#382,#383);
#382 = CARTESIAN_POINT('',(14.8,8.));
#383 = DIRECTION('',(1.,0.));
#384 = ( GEOMETRIC_REPRESENTATION_CONTEXT(2) 
PARAMETRIC_REPRESENTATION_CONTEXT() REPRESENTATION_CONTEXT('2D SPACE',''
  ) );
#385 = ORIENTED_EDGE('',*,*,#112,.F.);
#386 = FACE_BOUND('',#387,.T.);
#387 = EDGE_LOOP('',(#388));
#388 = ORIENTED_EDGE('',*,*,#389,.F.);
#389 = EDGE_CURVE('',#390,#390,#392,.T.);
#390 = VERTEX_POINT('',#391);
#391 = CARTESIAN_POINT('',(-20.8,3.,4.010060314706E-02));
#392 = SURFACE_CURVE('',#393,(#445,#500),.PCURVE_S1.);
#393 = B_SPLINE_CURVE_WITH_KNOTS('',8,(#394,#395,#396,#397,#398,#399,
    #400,#401,#402,#403,#404,#405,#406,#407,#408,#409,#410,#411,#412,
    #413,#414,#415,#416,#417,#418,#419,#420,#421,#422,#423,#424,#425,
    #426,#427,#428,#429,#430,#431,#432,#433,#434,#435,#436,#437,#438,
    #439,#440,#441,#442,#443,#444),.UNSPECIFIED.,.T.,.F.,(9,7,7,7,7,7,7,
    9),(0.,0.142172570958,0.267776176854,0.417964623325,0.567744734515,
    0.71871979527,0.843431147312,1.),.UNSPECIFIED.);
#394 = CARTESIAN_POINT('',(-20.8,3.,4.010060314705E-02));
#395 = CARTESIAN_POINT('',(-20.8,2.739007212375,4.010060314705E-02));
#396 = CARTESIAN_POINT('',(-20.8311395507,2.477679822544,
    4.323022402141E-02));
#397 = CARTESIAN_POINT('',(-20.89355665663,2.218418328356,
    4.950352366186E-02));
#398 = CARTESIAN_POINT('',(-20.9879651756,1.963866920389,
    5.968051629964E-02));
#399 = CARTESIAN_POINT('',(-21.11541505198,1.717315671261,
    7.526262195186E-02));
#400 = CARTESIAN_POINT('',(-21.27707575515,1.482932417999,
    9.865204602754E-02));
#401 = CARTESIAN_POINT('',(-21.4739518999,1.266047797241,0.133355770412)
  );
#402 = CARTESIAN_POINT('',(-21.91183370122,0.903800467357,0.228958380629
    ));
#403 = CARTESIAN_POINT('',(-22.14667117706,0.751683576002,0.286694222615
    ));
#404 = CARTESIAN_POINT('',(-22.40587202134,0.627854301799,0.359596128936
    ));
#405 = CARTESIAN_POINT('',(-22.68172716095,0.538991535439,0.449366042585
    ));
#406 = CARTESIAN_POINT('',(-22.96513382485,0.488197493735,0.556141497482
    ));
#407 = CARTESIAN_POINT('',(-23.24663099618,0.475196954279,0.677659489297
    ));
#408 = CARTESIAN_POINT('',(-23.51715730405,0.496344600757,0.808980511441
    ));
#409 = CARTESIAN_POINT('',(-24.06893632541,0.601602078452,1.103639068002
    ));
#410 = CARTESIAN_POINT('',(-24.34637687541,0.698074886684,1.270589141424
    ));
#411 = CARTESIAN_POINT('',(-24.59911526706,0.825766489816,1.439805126299
    ));
#412 = CARTESIAN_POINT('',(-24.82701516791,0.979227353415,1.607271982704
    ));
#413 = CARTESIAN_POINT('',(-25.0303559304,1.154742147663,1.769304403513)
  );
#414 = CARTESIAN_POINT('',(-25.20927120147,1.349989368829,1.922175512482
    ));
#415 = CARTESIAN_POINT('',(-25.36331877899,1.563788906863,2.061522110991
    ));
#416 = CARTESIAN_POINT('',(-25.61786811332,2.026812427105,2.301745959116
    ));
#417 = CARTESIAN_POINT('',(-25.72187880987,2.282055542574,2.40590229705)
  );
#418 = CARTESIAN_POINT('',(-25.79402229919,2.554118634063,2.482666079952
    ));
#419 = CARTESIAN_POINT('',(-25.83062293416,2.835297452866,2.523234524371
    ));
#420 = CARTESIAN_POINT('',(-25.8308820407,3.119048039858,2.523106639597)
  );
#421 = CARTESIAN_POINT('',(-25.79475919403,3.399220865673,2.483241527676
    ));
#422 = CARTESIAN_POINT('',(-25.72404746144,3.668734720015,2.409391967816
    ));
#423 = CARTESIAN_POINT('',(-25.5240403068,4.173895128461,2.21165736638)
  );
#424 = CARTESIAN_POINT('',(-25.3940709252,4.409787638809,2.087168111951)
  );
#425 = CARTESIAN_POINT('',(-25.23734326703,4.627485883042,1.944082056977
    ));
#426 = CARTESIAN_POINT('',(-25.05508329049,4.826127404946,1.787868687167
    ));
#427 = CARTESIAN_POINT('',(-24.84764548586,5.004109771681,1.622877165464
    ));
#428 = CARTESIAN_POINT('',(-24.61480184901,5.158693182025,1.452927516799
    ));
#429 = CARTESIAN_POINT('',(-24.35619488705,5.28547703873,1.281952071252)
  );
#430 = CARTESIAN_POINT('',(-23.83823442024,5.453772596268,0.975609665771
    ));
#431 = CARTESIAN_POINT('',(-23.57976655466,5.508579368857,0.835040814559
    ));
#432 = CARTESIAN_POINT('',(-23.30402921535,5.533027250583,0.700006132687
    ));
#433 = CARTESIAN_POINT('',(-23.01900454863,5.521501616829,0.576682792003
    ));
#434 = CARTESIAN_POINT('',(-22.73350744102,5.471444201005,0.468911255441
    ));
#435 = CARTESIAN_POINT('',(-22.45658519281,5.383307720174,0.378080484711
    ));
#436 = CARTESIAN_POINT('',(-22.19665183911,5.260728839531,0.303631804151
    ));
#437 = CARTESIAN_POINT('',(-21.66387211371,4.922616544453,0.16896588923)
  );
#438 = CARTESIAN_POINT('',(-21.4113151109,4.69554446268,0.118916637402)
  );
#439 = CARTESIAN_POINT('',(-21.20357903163,4.440981933768,
    8.628914780883E-02));
#440 = CARTESIAN_POINT('',(-21.03994699281,4.167455988881,
    6.532425817998E-02));
#441 = CARTESIAN_POINT('',(-20.91908863422,3.881735895025,
    5.207011785752E-02));
#442 = CARTESIAN_POINT('',(-20.83951829199,3.589172174406,
    4.407220707174E-02));
#443 = CARTESIAN_POINT('',(-20.8,3.294016180991,4.010060314705E-02));
#444 = CARTESIAN_POINT('',(-20.8,3.,4.010060314705E-02));
#445 = PCURVE('',#126,#446);
#446 = DEFINITIONAL_REPRESENTATION('',(#447),#499);
#447 = B_SPLINE_CURVE_WITH_KNOTS('',8,(#448,#449,#450,#451,#452,#453,
    #454,#455,#456,#457,#458,#459,#460,#461,#462,#463,#464,#465,#466,
    #467,#468,#469,#470,#471,#472,#473,#474,#475,#476,#477,#478,#479,
    #480,#481,#482,#483,#484,#485,#486,#487,#488,#489,#490,#491,#492,
    #493,#494,#495,#496,#497,#498),.UNSPECIFIED.,.F.,.F.,(9,7,7,7,7,7,7,
    9),(0.,0.142172570958,0.267776176854,0.417964623325,0.567744734515,
    0.71871979527,0.843431147312,1.),.UNSPECIFIED.);
#448 = CARTESIAN_POINT('',(1.470628905633,5.));
#449 = CARTESIAN_POINT('',(1.470628905633,5.260992787625));
#450 = CARTESIAN_POINT('',(1.466716870615,5.522320177456));
#451 = CARTESIAN_POINT('',(1.458875346247,5.781581671644));
#452 = CARTESIAN_POINT('',(1.447006380607,6.036133079611));
#453 = CARTESIAN_POINT('',(1.430960018833,6.282684328739));
#454 = CARTESIAN_POINT('',(1.410553812571,6.517067582001));
#455 = CARTESIAN_POINT('',(1.385585342407,6.733952202759));
#456 = CARTESIAN_POINT('',(1.329560748057,7.096199532643));
#457 = CARTESIAN_POINT('',(1.299342489872,7.248316423998));
#458 = CARTESIAN_POINT('',(1.265715465615,7.372145698201));
#459 = CARTESIAN_POINT('',(1.229518001286,7.461008464561));
#460 = CARTESIAN_POINT('',(1.191741814437,7.511802506265));
#461 = CARTESIAN_POINT('',(1.153480115606,7.524803045721));
#462 = CARTESIAN_POINT('',(1.115918396327,7.503655399243));
#463 = CARTESIAN_POINT('',(1.03772754874,7.398397921548));
#464 = CARTESIAN_POINT('',(0.997305932475,7.301925113316));
#465 = CARTESIAN_POINT('',(0.959356228523,7.174233510184));
#466 = CARTESIAN_POINT('',(0.924064873397,7.020772646585));
#467 = CARTESIAN_POINT('',(0.891604123496,6.845257852337));
#468 = CARTESIAN_POINT('',(0.862208254255,6.650010631171));
#469 = CARTESIAN_POINT('',(0.836248753292,6.436211093137));
#470 = CARTESIAN_POINT('',(0.792498242435,5.973187572895));
#471 = CARTESIAN_POINT('',(0.774106708827,5.717944457426));
#472 = CARTESIAN_POINT('',(0.760946977162,5.445881365937));
#473 = CARTESIAN_POINT('',(0.754110796944,5.164702547134));
#474 = CARTESIAN_POINT('',(0.754104997134,4.880951960143));
#475 = CARTESIAN_POINT('',(0.760827708799,4.600779134327));
#476 = CARTESIAN_POINT('',(0.773603426881,4.331265279985));
#477 = CARTESIAN_POINT('',(0.808759737328,3.826104871539));
#478 = CARTESIAN_POINT('',(0.831253451805,3.590212361191));
#479 = CARTESIAN_POINT('',(0.857767783656,3.372514116958));
#480 = CARTESIAN_POINT('',(0.887742844601,3.173872595054));
#481 = CARTESIAN_POINT('',(0.920824263555,2.995890228319));
#482 = CARTESIAN_POINT('',(0.956797835231,2.841306817975));
#483 = CARTESIAN_POINT('',(0.995501158481,2.71452296127));
#484 = CARTESIAN_POINT('',(1.070722572754,2.546227403732));
#485 = CARTESIAN_POINT('',(1.107476357971,2.491420631143));
#486 = CARTESIAN_POINT('',(1.145795401194,2.466972749417));
#487 = CARTESIAN_POINT('',(1.184530205857,2.478498383171));
#488 = CARTESIAN_POINT('',(1.2225975926,2.528555798995));
#489 = CARTESIAN_POINT('',(1.258983526355,2.616692279826));
#490 = CARTESIAN_POINT('',(1.292764831557,2.739271160469));
#491 = CARTESIAN_POINT('',(1.361456755259,3.077383455547));
#492 = CARTESIAN_POINT('',(1.393596894317,3.30445553732));
#493 = CARTESIAN_POINT('',(1.419856814667,3.559018066233));
#494 = CARTESIAN_POINT('',(1.440470687449,3.832544011118));
#495 = CARTESIAN_POINT('',(1.45566778414,4.118264104976));
#496 = CARTESIAN_POINT('',(1.465664243379,4.410827825594));
#497 = CARTESIAN_POINT('',(1.470628905633,4.705983819009));
#498 = CARTESIAN_POINT('',(1.470628905633,5.));
#499 = ( GEOMETRIC_REPRESENTATION_CONTEXT(2) 
PARAMETRIC_REPRESENTATION_CONTEXT() REPRESENTATION_CONTEXT('2D SPACE',''
  ) );
#500 = PCURVE('',#501,#506);
#501 = CYLINDRICAL_SURFACE('',#502,2.5);
#502 = AXIS2_PLACEMENT_3D('',#503,#504,#505);
#503 = CARTESIAN_POINT('',(-23.3,3.,12.8000001));
#504 = DIRECTION('',(-0.,1.224646799147E-16,1.));
#505 = DIRECTION('',(1.,0.,0.));
#506 = DEFINITIONAL_REPRESENTATION('',(#507),#559);
#507 = B_SPLINE_CURVE_WITH_KNOTS('',8,(#508,#509,#510,#511,#512,#513,
    #514,#515,#516,#517,#518,#519,#520,#521,#522,#523,#524,#525,#526,
    #527,#528,#529,#530,#531,#532,#533,#534,#535,#536,#537,#538,#539,
    #540,#541,#542,#543,#544,#545,#546,#547,#548,#549,#550,#551,#552,
    #553,#554,#555,#556,#557,#558),.UNSPECIFIED.,.F.,.F.,(9,7,7,7,7,7,7,
    9),(0.,0.142172570958,0.267776176854,0.417964623325,0.567744734515,
    0.71871979527,0.843431147312,1.),.UNSPECIFIED.);
#508 = CARTESIAN_POINT('',(0.,-12.75989949685));
#509 = CARTESIAN_POINT('',(-0.10439711505,-12.75989949685));
#510 = CARTESIAN_POINT('',(-0.208927692304,-12.75676987597));
#511 = CARTESIAN_POINT('',(-0.314367498011,-12.75049657633));
#512 = CARTESIAN_POINT('',(-0.421406118901,-12.7403195837));
#513 = CARTESIAN_POINT('',(-0.53071392846,-12.72473747804));
#514 = CARTESIAN_POINT('',(-0.642975494928,-12.70134805397));
#515 = CARTESIAN_POINT('',(-0.758953338225,-12.66664432958));
#516 = CARTESIAN_POINT('',(-0.986272884216,-12.57104171937));
#517 = CARTESIAN_POINT('',(-1.097436520805,-12.51330587738));
#518 = CARTESIAN_POINT('',(-1.210741809664,-12.44040397106));
#519 = CARTESIAN_POINT('',(-1.32462668594,-12.35063405741));
#520 = CARTESIAN_POINT('',(-1.437819850421,-12.24385860251));
#521 = CARTESIAN_POINT('',(-1.54908196625,-12.1223406107));
#522 = CARTESIAN_POINT('',(-1.656960930488,-11.99101958855));
#523 = CARTESIAN_POINT('',(-1.881652443465,-11.69636103199));
#524 = CARTESIAN_POINT('',(-1.997894919,-11.52941095857));
#525 = CARTESIAN_POINT('',(-2.10955696758,-11.3601949737));
#526 = CARTESIAN_POINT('',(-2.217818653015,-11.19272811729));
#527 = CARTESIAN_POINT('',(-2.323767997706,-11.03069569648));
#528 = CARTESIAN_POINT('',(-2.428491684522,-10.87782458751));
#529 = CARTESIAN_POINT('',(-2.533117840118,-10.738477989));
#530 = CARTESIAN_POINT('',(-2.744470112461,-10.49825414088));
#531 = CARTESIAN_POINT('',(-2.853982053319,-10.39409780295));
#532 = CARTESIAN_POINT('',(-2.965036700074,-10.31733402004));
#533 = CARTESIAN_POINT('',(-3.076599257765,-10.27676557563));
#534 = CARTESIAN_POINT('',(-3.188257526636,-10.2768934604));
#535 = CARTESIAN_POINT('',(-3.299704903513,-10.31675857232));
#536 = CARTESIAN_POINT('',(-3.410352744235,-10.39060813218));
#537 = CARTESIAN_POINT('',(-3.627678269719,-10.58834273362));
#538 = CARTESIAN_POINT('',(-3.734547495113,-10.71283198804));
#539 = CARTESIAN_POINT('',(-3.840566696088,-10.85591804302));
#540 = CARTESIAN_POINT('',(-3.946882422725,-11.01213141283));
#541 = CARTESIAN_POINT('',(-4.054605494572,-11.17712293453));
#542 = CARTESIAN_POINT('',(-4.164878367974,-11.3470725832));
#543 = CARTESIAN_POINT('',(-4.278929801189,-11.51804802874));
#544 = CARTESIAN_POINT('',(-4.496776146991,-11.82439043422));
#545 = CARTESIAN_POINT('',(-4.601878425191,-11.96495928544));
#546 = CARTESIAN_POINT('',(-4.711251924746,-12.09999396731));
#547 = CARTESIAN_POINT('',(-4.823454641021,-12.22331730799));
#548 = CARTESIAN_POINT('',(-4.937354992397,-12.33108884455));
#549 = CARTESIAN_POINT('',(-5.051907396127,-12.42191961528));
#550 = CARTESIAN_POINT('',(-5.165967088186,-12.49636829584));
#551 = CARTESIAN_POINT('',(-5.41837125927,-12.63103421077));
#552 = CARTESIAN_POINT('',(-5.552336453929,-12.68108346259));
#553 = CARTESIAN_POINT('',(-5.681279852875,-12.71371095219));
#554 = CARTESIAN_POINT('',(-5.806203761753,-12.73467584182));
#555 = CARTESIAN_POINT('',(-5.928013813019,-12.74792998214));
#556 = CARTESIAN_POINT('',(-6.047516092398,-12.75592789292));
#557 = CARTESIAN_POINT('',(-6.165578834783,-12.75989949685));
#558 = CARTESIAN_POINT('',(-6.28318530718,-12.75989949685));
#559 = ( GEOMETRIC_REPRESENTATION_CONTEXT(2) 
PARAMETRIC_REPRESENTATION_CONTEXT() REPRESENTATION_CONTEXT('2D SPACE',''
  ) );
#560 = FACE_BOUND('',#561,.T.);
#561 = EDGE_LOOP('',(#562));
#562 = ORIENTED_EDGE('',*,*,#563,.F.);
#563 = EDGE_CURVE('',#564,#564,#566,.T.);
#564 = VERTEX_POINT('',#565);
#565 = CARTESIAN_POINT('',(-20.8,-3.,4.010060314706E-02));
#566 = SURFACE_CURVE('',#567,(#619,#674),.PCURVE_S1.);
#567 = B_SPLINE_CURVE_WITH_KNOTS('',8,(#568,#569,#570,#571,#572,#573,
    #574,#575,#576,#577,#578,#579,#580,#581,#582,#583,#584,#585,#586,
    #587,#588,#589,#590,#591,#592,#593,#594,#595,#596,#597,#598,#599,
    #600,#601,#602,#603,#604,#605,#606,#607,#608,#609,#610,#611,#612,
    #613,#614,#615,#616,#617,#618),.UNSPECIFIED.,.T.,.F.,(9,7,7,7,7,7,7,
    9),(0.,0.142172569277,0.267776175415,0.417964622222,0.567744733696,
    0.718719794737,0.843431147015,1.),.UNSPECIFIED.);
#568 = CARTESIAN_POINT('',(-20.8,-3.,4.010060314705E-02));
#569 = CARTESIAN_POINT('',(-20.8,-3.260992784169,4.010060314705E-02));
#570 = CARTESIAN_POINT('',(-20.83113955314,-3.522320187509,
    4.32302244939E-02));
#571 = CARTESIAN_POINT('',(-20.89355665121,-3.781581661224,
    4.950352258827E-02));
#572 = CARTESIAN_POINT('',(-20.98796517784,-4.03613307908,
    5.96805167821E-02));
#573 = CARTESIAN_POINT('',(-21.11541505729,-4.282684339202,
    7.526262299799E-02));
#574 = CARTESIAN_POINT('',(-21.27707574779,-4.517067573131,
    9.865204449342E-02));
#575 = CARTESIAN_POINT('',(-21.4739519031,-4.733952205403,0.13335577111)
  );
#576 = CARTESIAN_POINT('',(-21.91183370122,-5.096199532643,
    0.228958380629));
#577 = CARTESIAN_POINT('',(-22.14667117706,-5.248316423998,
    0.286694222615));
#578 = CARTESIAN_POINT('',(-22.40587202134,-5.3721456982,0.359596128936)
  );
#579 = CARTESIAN_POINT('',(-22.68172716095,-5.461008464561,
    0.449366042585));
#580 = CARTESIAN_POINT('',(-22.96513382485,-5.511802506266,
    0.556141497482));
#581 = CARTESIAN_POINT('',(-23.24663099618,-5.524803045721,
    0.677659489298));
#582 = CARTESIAN_POINT('',(-23.51715730405,-5.503655399243,
    0.808980511441));
#583 = CARTESIAN_POINT('',(-24.0689363255,-5.398397921531,1.103639068051
    ));
#584 = CARTESIAN_POINT('',(-24.34637687533,-5.301925113303,
    1.270589141399));
#585 = CARTESIAN_POINT('',(-24.59911526698,-5.174233510246,
    1.439805126233));
#586 = CARTESIAN_POINT('',(-24.82701516794,-5.020772646605,
    1.607271982715));
#587 = CARTESIAN_POINT('',(-25.03035593048,-4.845257852263,
    1.769304403581));
#588 = CARTESIAN_POINT('',(-25.20927120147,-4.650010631126,
    1.922175512486));
#589 = CARTESIAN_POINT('',(-25.36331877895,-4.436211093216,2.06152211095
    ));
#590 = CARTESIAN_POINT('',(-25.61786811332,-3.973187572895,
    2.301745959116));
#591 = CARTESIAN_POINT('',(-25.72187880987,-3.717944457426,2.40590229705
    ));
#592 = CARTESIAN_POINT('',(-25.79402229919,-3.445881365937,
    2.482666079952));
#593 = CARTESIAN_POINT('',(-25.83062293416,-3.164702547135,
    2.523234524371));
#594 = CARTESIAN_POINT('',(-25.8308820407,-2.880951960142,2.523106639597
    ));
#595 = CARTESIAN_POINT('',(-25.79475919403,-2.600779134328,
    2.483241527676));
#596 = CARTESIAN_POINT('',(-25.72404746144,-2.331265279985,
    2.409391967816));
#597 = CARTESIAN_POINT('',(-25.5240403068,-1.826104871539,2.21165736638)
  );
#598 = CARTESIAN_POINT('',(-25.3940709252,-1.590212361191,2.087168111951
    ));
#599 = CARTESIAN_POINT('',(-25.23734326703,-1.372514116958,
    1.944082056977));
#600 = CARTESIAN_POINT('',(-25.05508329049,-1.173872595054,
    1.787868687167));
#601 = CARTESIAN_POINT('',(-24.84764548587,-0.995890228319,
    1.622877165464));
#602 = CARTESIAN_POINT('',(-24.61480184901,-0.841306817975,
    1.452927516799));
#603 = CARTESIAN_POINT('',(-24.35619488705,-0.71452296127,1.281952071252
    ));
#604 = CARTESIAN_POINT('',(-23.83823442024,-0.546227403732,
    0.975609665771));
#605 = CARTESIAN_POINT('',(-23.57976655466,-0.491420631143,
    0.835040814559));
#606 = CARTESIAN_POINT('',(-23.30402921535,-0.466972749417,
    0.700006132687));
#607 = CARTESIAN_POINT('',(-23.01900454863,-0.478498383171,
    0.576682792003));
#608 = CARTESIAN_POINT('',(-22.73350744102,-0.528555798995,
    0.468911255441));
#609 = CARTESIAN_POINT('',(-22.45658519281,-0.616692279826,
    0.378080484711));
#610 = CARTESIAN_POINT('',(-22.19665183911,-0.739271160469,
    0.303631804151));
#611 = CARTESIAN_POINT('',(-21.66387211371,-1.077383455547,0.16896588923
    ));
#612 = CARTESIAN_POINT('',(-21.4113151109,-1.304455537319,0.118916637402
    ));
#613 = CARTESIAN_POINT('',(-21.20357903163,-1.559018066235,
    8.628914780869E-02));
#614 = CARTESIAN_POINT('',(-21.03994699281,-1.832544011114,
    6.532425817991E-02));
#615 = CARTESIAN_POINT('',(-20.91908863422,-2.118264104981,
    5.207011785768E-02));
#616 = CARTESIAN_POINT('',(-20.83951829199,-2.410827825591,
    4.407220707166E-02));
#617 = CARTESIAN_POINT('',(-20.8,-2.70598381901,4.010060314705E-02));
#618 = CARTESIAN_POINT('',(-20.8,-3.,4.010060314705E-02));
#619 = PCURVE('',#126,#620);
#620 = DEFINITIONAL_REPRESENTATION('',(#621),#673);
#621 = B_SPLINE_CURVE_WITH_KNOTS('',8,(#622,#623,#624,#625,#626,#627,
    #628,#629,#630,#631,#632,#633,#634,#635,#636,#637,#638,#639,#640,
    #641,#642,#643,#644,#645,#646,#647,#648,#649,#650,#651,#652,#653,
    #654,#655,#656,#657,#658,#659,#660,#661,#662,#663,#664,#665,#666,
    #667,#668,#669,#670,#671,#672),.UNSPECIFIED.,.F.,.F.,(9,7,7,7,7,7,7,
    9),(0.,0.142172569277,0.267776175415,0.417964622222,0.567744733696,
    0.718719794737,0.843431147015,1.),.UNSPECIFIED.);
#622 = CARTESIAN_POINT('',(1.470628905633,11.));
#623 = CARTESIAN_POINT('',(1.470628905633,11.260992784169));
#624 = CARTESIAN_POINT('',(1.466716870303,11.522320187509));
#625 = CARTESIAN_POINT('',(1.458875346939,11.781581661224));
#626 = CARTESIAN_POINT('',(1.447006380321,12.03613307908));
#627 = CARTESIAN_POINT('',(1.430960018156,12.282684339202));
#628 = CARTESIAN_POINT('',(1.410553813511,12.517067573131));
#629 = CARTESIAN_POINT('',(1.385585341998,12.733952205403));
#630 = CARTESIAN_POINT('',(1.329560748057,13.096199532643));
#631 = CARTESIAN_POINT('',(1.299342489872,13.248316423998));
#632 = CARTESIAN_POINT('',(1.265715465615,13.3721456982));
#633 = CARTESIAN_POINT('',(1.229518001286,13.461008464561));
#634 = CARTESIAN_POINT('',(1.191741814437,13.511802506266));
#635 = CARTESIAN_POINT('',(1.153480115606,13.524803045721));
#636 = CARTESIAN_POINT('',(1.115918396327,13.503655399243));
#637 = CARTESIAN_POINT('',(1.037727548727,13.398397921531));
#638 = CARTESIAN_POINT('',(0.997305932485,13.301925113303));
#639 = CARTESIAN_POINT('',(0.959356228536,13.174233510246));
#640 = CARTESIAN_POINT('',(0.924064873393,13.020772646605));
#641 = CARTESIAN_POINT('',(0.891604123483,12.845257852263));
#642 = CARTESIAN_POINT('',(0.862208254255,12.650010631126));
#643 = CARTESIAN_POINT('',(0.836248753299,12.436211093216));
#644 = CARTESIAN_POINT('',(0.792498242435,11.973187572895));
#645 = CARTESIAN_POINT('',(0.774106708827,11.717944457425));
#646 = CARTESIAN_POINT('',(0.760946977162,11.445881365937));
#647 = CARTESIAN_POINT('',(0.754110796944,11.164702547134));
#648 = CARTESIAN_POINT('',(0.754104997134,10.880951960142));
#649 = CARTESIAN_POINT('',(0.760827708799,10.600779134327));
#650 = CARTESIAN_POINT('',(0.773603426881,10.331265279985));
#651 = CARTESIAN_POINT('',(0.808759737328,9.826104871539));
#652 = CARTESIAN_POINT('',(0.831253451805,9.590212361191));
#653 = CARTESIAN_POINT('',(0.857767783656,9.372514116958));
#654 = CARTESIAN_POINT('',(0.887742844601,9.173872595054));
#655 = CARTESIAN_POINT('',(0.920824263555,8.995890228319));
#656 = CARTESIAN_POINT('',(0.956797835231,8.841306817975));
#657 = CARTESIAN_POINT('',(0.995501158481,8.71452296127));
#658 = CARTESIAN_POINT('',(1.070722572754,8.546227403732));
#659 = CARTESIAN_POINT('',(1.107476357971,8.491420631143));
#660 = CARTESIAN_POINT('',(1.145795401194,8.466972749417));
#661 = CARTESIAN_POINT('',(1.184530205857,8.478498383171));
#662 = CARTESIAN_POINT('',(1.2225975926,8.528555798995));
#663 = CARTESIAN_POINT('',(1.258983526355,8.616692279827));
#664 = CARTESIAN_POINT('',(1.292764831557,8.739271160469));
#665 = CARTESIAN_POINT('',(1.361456755259,9.077383455547));
#666 = CARTESIAN_POINT('',(1.393596894317,9.304455537319));
#667 = CARTESIAN_POINT('',(1.419856814667,9.559018066235));
#668 = CARTESIAN_POINT('',(1.440470687449,9.832544011115));
#669 = CARTESIAN_POINT('',(1.45566778414,10.11826410498));
#670 = CARTESIAN_POINT('',(1.465664243379,10.410827825591));
#671 = CARTESIAN_POINT('',(1.470628905633,10.70598381901));
#672 = CARTESIAN_POINT('',(1.470628905633,11.));
#673 = ( GEOMETRIC_REPRESENTATION_CONTEXT(2) 
PARAMETRIC_REPRESENTATION_CONTEXT() REPRESENTATION_CONTEXT('2D SPACE',''
  ) );
#674 = PCURVE('',#675,#680);
#675 = CYLINDRICAL_SURFACE('',#676,2.5);
#676 = AXIS2_PLACEMENT_3D('',#677,#678,#679);
#677 = CARTESIAN_POINT('',(-23.3,-3.,12.8000001));
#678 = DIRECTION('',(-0.,1.224646799147E-16,1.));
#679 = DIRECTION('',(1.,0.,0.));
#680 = DEFINITIONAL_REPRESENTATION('',(#681),#733);
#681 = B_SPLINE_CURVE_WITH_KNOTS('',8,(#682,#683,#684,#685,#686,#687,
    #688,#689,#690,#691,#692,#693,#694,#695,#696,#697,#698,#699,#700,
    #701,#702,#703,#704,#705,#706,#707,#708,#709,#710,#711,#712,#713,
    #714,#715,#716,#717,#718,#719,#720,#721,#722,#723,#724,#725,#726,
    #727,#728,#729,#730,#731,#732),.UNSPECIFIED.,.F.,.F.,(9,7,7,7,7,7,7,
    9),(0.,0.142172569277,0.267776175415,0.417964622222,0.567744733696,
    0.718719794737,0.843431147015,1.),.UNSPECIFIED.);
#682 = CARTESIAN_POINT('',(0.,-12.75989949685));
#683 = CARTESIAN_POINT('',(-0.104397113668,-12.75989949685));
#684 = CARTESIAN_POINT('',(-0.208927696712,-12.7567698755));
#685 = CARTESIAN_POINT('',(-0.314367492949,-12.75049657741));
#686 = CARTESIAN_POINT('',(-0.421406119106,-12.74031958321));
#687 = CARTESIAN_POINT('',(-0.530713933516,-12.724737477));
#688 = CARTESIAN_POINT('',(-0.642975490074,-12.7013480555));
#689 = CARTESIAN_POINT('',(-0.758953339884,-12.66664432889));
#690 = CARTESIAN_POINT('',(-0.986272884216,-12.57104171937));
#691 = CARTESIAN_POINT('',(-1.097436520805,-12.51330587738));
#692 = CARTESIAN_POINT('',(-1.210741809664,-12.44040397106));
#693 = CARTESIAN_POINT('',(-1.32462668594,-12.35063405741));
#694 = CARTESIAN_POINT('',(-1.437819850421,-12.24385860251));
#695 = CARTESIAN_POINT('',(-1.54908196625,-12.1223406107));
#696 = CARTESIAN_POINT('',(-1.656960930488,-11.99101958855));
#697 = CARTESIAN_POINT('',(-1.881652443503,-11.69636103194));
#698 = CARTESIAN_POINT('',(-1.997894918974,-11.5294109586));
#699 = CARTESIAN_POINT('',(-2.109556967545,-11.36019497376));
#700 = CARTESIAN_POINT('',(-2.217818653021,-11.19272811728));
#701 = CARTESIAN_POINT('',(-2.323767997743,-11.03069569641));
#702 = CARTESIAN_POINT('',(-2.428491684538,-10.87782458751));
#703 = CARTESIAN_POINT('',(-2.533117840082,-10.73847798905));
#704 = CARTESIAN_POINT('',(-2.744470112461,-10.49825414088));
#705 = CARTESIAN_POINT('',(-2.853982053319,-10.39409780295));
#706 = CARTESIAN_POINT('',(-2.965036700075,-10.31733402004));
#707 = CARTESIAN_POINT('',(-3.076599257764,-10.27676557562));
#708 = CARTESIAN_POINT('',(-3.188257526637,-10.2768934604));
#709 = CARTESIAN_POINT('',(-3.299704903513,-10.31675857232));
#710 = CARTESIAN_POINT('',(-3.410352744235,-10.39060813218));
#711 = CARTESIAN_POINT('',(-3.627678269719,-10.58834273362));
#712 = CARTESIAN_POINT('',(-3.734547495113,-10.71283198804));
#713 = CARTESIAN_POINT('',(-3.840566696088,-10.85591804302));
#714 = CARTESIAN_POINT('',(-3.946882422725,-11.01213141283));
#715 = CARTESIAN_POINT('',(-4.054605494572,-11.17712293453));
#716 = CARTESIAN_POINT('',(-4.164878367974,-11.3470725832));
#717 = CARTESIAN_POINT('',(-4.278929801189,-11.51804802874));
#718 = CARTESIAN_POINT('',(-4.496776146991,-11.82439043422));
#719 = CARTESIAN_POINT('',(-4.601878425191,-11.96495928544));
#720 = CARTESIAN_POINT('',(-4.711251924746,-12.09999396731));
#721 = CARTESIAN_POINT('',(-4.82345464102,-12.22331730799));
#722 = CARTESIAN_POINT('',(-4.937354992397,-12.33108884455));
#723 = CARTESIAN_POINT('',(-5.051907396127,-12.42191961528));
#724 = CARTESIAN_POINT('',(-5.165967088186,-12.49636829584));
#725 = CARTESIAN_POINT('',(-5.418371259271,-12.63103421077));
#726 = CARTESIAN_POINT('',(-5.552336453929,-12.68108346259));
#727 = CARTESIAN_POINT('',(-5.681279852876,-12.71371095219));
#728 = CARTESIAN_POINT('',(-5.806203761752,-12.73467584181));
#729 = CARTESIAN_POINT('',(-5.928013813021,-12.74792998214));
#730 = CARTESIAN_POINT('',(-6.047516092396,-12.75592789292));
#731 = CARTESIAN_POINT('',(-6.165578834784,-12.75989949685));
#732 = CARTESIAN_POINT('',(-6.28318530718,-12.75989949685));
#733 = ( GEOMETRIC_REPRESENTATION_CONTEXT(2) 
PARAMETRIC_REPRESENTATION_CONTEXT() REPRESENTATION_CONTEXT('2D SPACE',''
  ) );
#734 = ADVANCED_FACE('',(#735,#783,#818),#72,.F.);
#735 = FACE_BOUND('',#736,.F.);
#736 = EDGE_LOOP('',(#737,#760,#761,#762));
#737 = ORIENTED_EDGE('',*,*,#738,.F.);
#738 = EDGE_CURVE('',#57,#739,#741,.T.);
#739 = VERTEX_POINT('',#740);
#740 = CARTESIAN_POINT('',(-18.58278773489,-8.,22.8000001));
#741 = SURFACE_CURVE('',#742,(#746,#753),.PCURVE_S1.);
#742 = LINE('',#743,#744);
#743 = CARTESIAN_POINT('',(-28.,-8.,22.8000001));
#744 = VECTOR('',#745,1.);
#745 = DIRECTION('',(1.,0.,0.));
#746 = PCURVE('',#72,#747);
#747 = DEFINITIONAL_REPRESENTATION('',(#748),#752);
#748 = LINE('',#749,#750);
#749 = CARTESIAN_POINT('',(0.,16.));
#750 = VECTOR('',#751,1.);
#751 = DIRECTION('',(1.,0.));
#752 = ( GEOMETRIC_REPRESENTATION_CONTEXT(2) 
PARAMETRIC_REPRESENTATION_CONTEXT() REPRESENTATION_CONTEXT('2D SPACE',''
  ) );
#753 = PCURVE('',#100,#754);
#754 = DEFINITIONAL_REPRESENTATION('',(#755),#759);
#755 = LINE('',#756,#757);
#756 = CARTESIAN_POINT('',(0.,0.));
#757 = VECTOR('',#758,1.);
#758 = DIRECTION('',(0.,1.));
#759 = ( GEOMETRIC_REPRESENTATION_CONTEXT(2) 
PARAMETRIC_REPRESENTATION_CONTEXT() REPRESENTATION_CONTEXT('2D SPACE',''
  ) );
#760 = ORIENTED_EDGE('',*,*,#56,.F.);
#761 = ORIENTED_EDGE('',*,*,#265,.T.);
#762 = ORIENTED_EDGE('',*,*,#763,.F.);
#763 = EDGE_CURVE('',#739,#233,#764,.T.);
#764 = SURFACE_CURVE('',#765,(#769,#776),.PCURVE_S1.);
#765 = LINE('',#766,#767);
#766 = CARTESIAN_POINT('',(-18.58278773489,9.,22.8000001));
#767 = VECTOR('',#768,1.);
#768 = DIRECTION('',(0.,1.,-1.224646799147E-16));
#769 = PCURVE('',#72,#770);
#770 = DEFINITIONAL_REPRESENTATION('',(#771),#775);
#771 = LINE('',#772,#773);
#772 = CARTESIAN_POINT('',(9.417212265109,-1.));
#773 = VECTOR('',#774,1.);
#774 = DIRECTION('',(0.,-1.));
#775 = ( GEOMETRIC_REPRESENTATION_CONTEXT(2) 
PARAMETRIC_REPRESENTATION_CONTEXT() REPRESENTATION_CONTEXT('2D SPACE',''
  ) );
#776 = PCURVE('',#253,#777);
#777 = DEFINITIONAL_REPRESENTATION('',(#778),#782);
#778 = LINE('',#779,#780);
#779 = CARTESIAN_POINT('',(3.09856862874,0.));
#780 = VECTOR('',#781,1.);
#781 = DIRECTION('',(0.,1.));
#782 = ( GEOMETRIC_REPRESENTATION_CONTEXT(2) 
PARAMETRIC_REPRESENTATION_CONTEXT() REPRESENTATION_CONTEXT('2D SPACE',''
  ) );
#783 = FACE_BOUND('',#784,.F.);
#784 = EDGE_LOOP('',(#785));
#785 = ORIENTED_EDGE('',*,*,#786,.T.);
#786 = EDGE_CURVE('',#787,#787,#789,.T.);
#787 = VERTEX_POINT('',#788);
#788 = CARTESIAN_POINT('',(-21.85,3.,22.8000001));
#789 = SURFACE_CURVE('',#790,(#795,#806),.PCURVE_S1.);
#790 = CIRCLE('',#791,1.45);
#791 = AXIS2_PLACEMENT_3D('',#792,#793,#794);
#792 = CARTESIAN_POINT('',(-23.3,3.,22.8000001));
#793 = DIRECTION('',(-0.,1.224646799147E-16,1.));
#794 = DIRECTION('',(1.,0.,0.));
#795 = PCURVE('',#72,#796);
#796 = DEFINITIONAL_REPRESENTATION('',(#797),#805);
#797 = ( BOUNDED_CURVE() B_SPLINE_CURVE(2,(#798,#799,#800,#801,#802,#803
,#804),.UNSPECIFIED.,.T.,.F.) B_SPLINE_CURVE_WITH_KNOTS((1,2,2,2,2,1),(
    -2.094395102393,0.,2.094395102393,4.188790204786,6.28318530718,
8.377580409573),.UNSPECIFIED.) CURVE() GEOMETRIC_REPRESENTATION_ITEM() 
RATIONAL_B_SPLINE_CURVE((1.,0.5,1.,0.5,1.,0.5,1.)) REPRESENTATION_ITEM(
  '') );
#798 = CARTESIAN_POINT('',(6.15,5.));
#799 = CARTESIAN_POINT('',(6.15,2.488526329025));
#800 = CARTESIAN_POINT('',(3.975,3.744263164513));
#801 = CARTESIAN_POINT('',(1.8,5.));
#802 = CARTESIAN_POINT('',(3.975,6.255736835487));
#803 = CARTESIAN_POINT('',(6.15,7.511473670975));
#804 = CARTESIAN_POINT('',(6.15,5.));
#805 = ( GEOMETRIC_REPRESENTATION_CONTEXT(2) 
PARAMETRIC_REPRESENTATION_CONTEXT() REPRESENTATION_CONTEXT('2D SPACE',''
  ) );
#806 = PCURVE('',#807,#812);
#807 = CYLINDRICAL_SURFACE('',#808,1.45);
#808 = AXIS2_PLACEMENT_3D('',#809,#810,#811);
#809 = CARTESIAN_POINT('',(-23.3,3.,23.6000001));
#810 = DIRECTION('',(-0.,1.224646799147E-16,1.));
#811 = DIRECTION('',(1.,0.,0.));
#812 = DEFINITIONAL_REPRESENTATION('',(#813),#817);
#813 = LINE('',#814,#815);
#814 = CARTESIAN_POINT('',(-6.28318530718,-0.8));
#815 = VECTOR('',#816,1.);
#816 = DIRECTION('',(1.,-0.));
#817 = ( GEOMETRIC_REPRESENTATION_CONTEXT(2) 
PARAMETRIC_REPRESENTATION_CONTEXT() REPRESENTATION_CONTEXT('2D SPACE',''
  ) );
#818 = FACE_BOUND('',#819,.F.);
#819 = EDGE_LOOP('',(#820));
#820 = ORIENTED_EDGE('',*,*,#821,.T.);
#821 = EDGE_CURVE('',#822,#822,#824,.T.);
#822 = VERTEX_POINT('',#823);
#823 = CARTESIAN_POINT('',(-21.85,-3.,22.8000001));
#824 = SURFACE_CURVE('',#825,(#830,#841),.PCURVE_S1.);
#825 = CIRCLE('',#826,1.45);
#826 = AXIS2_PLACEMENT_3D('',#827,#828,#829);
#827 = CARTESIAN_POINT('',(-23.3,-3.,22.8000001));
#828 = DIRECTION('',(-0.,1.224646799147E-16,1.));
#829 = DIRECTION('',(1.,0.,0.));
#830 = PCURVE('',#72,#831);
#831 = DEFINITIONAL_REPRESENTATION('',(#832),#840);
#832 = ( BOUNDED_CURVE() B_SPLINE_CURVE(2,(#833,#834,#835,#836,#837,#838
,#839),.UNSPECIFIED.,.T.,.F.) B_SPLINE_CURVE_WITH_KNOTS((1,2,2,2,2,1),(
    -2.094395102393,0.,2.094395102393,4.188790204786,6.28318530718,
8.377580409573),.UNSPECIFIED.) CURVE() GEOMETRIC_REPRESENTATION_ITEM() 
RATIONAL_B_SPLINE_CURVE((1.,0.5,1.,0.5,1.,0.5,1.)) REPRESENTATION_ITEM(
  '') );
#833 = CARTESIAN_POINT('',(6.15,11.));
#834 = CARTESIAN_POINT('',(6.15,8.488526329025));
#835 = CARTESIAN_POINT('',(3.975,9.744263164513));
#836 = CARTESIAN_POINT('',(1.8,11.));
#837 = CARTESIAN_POINT('',(3.975,12.255736835487));
#838 = CARTESIAN_POINT('',(6.15,13.511473670975));
#839 = CARTESIAN_POINT('',(6.15,11.));
#840 = ( GEOMETRIC_REPRESENTATION_CONTEXT(2) 
PARAMETRIC_REPRESENTATION_CONTEXT() REPRESENTATION_CONTEXT('2D SPACE',''
  ) );
#841 = PCURVE('',#842,#847);
#842 = CYLINDRICAL_SURFACE('',#843,1.45);
#843 = AXIS2_PLACEMENT_3D('',#844,#845,#846);
#844 = CARTESIAN_POINT('',(-23.3,-3.,23.6000001));
#845 = DIRECTION('',(-0.,1.224646799147E-16,1.));
#846 = DIRECTION('',(1.,0.,0.));
#847 = DEFINITIONAL_REPRESENTATION('',(#848),#852);
#848 = LINE('',#849,#850);
#849 = CARTESIAN_POINT('',(-6.28318530718,-0.8));
#850 = VECTOR('',#851,1.);
#851 = DIRECTION('',(1.,-0.));
#852 = ( GEOMETRIC_REPRESENTATION_CONTEXT(2) 
PARAMETRIC_REPRESENTATION_CONTEXT() REPRESENTATION_CONTEXT('2D SPACE',''
  ) );
#853 = ADVANCED_FACE('',(#854),#100,.T.);
#854 = FACE_BOUND('',#855,.T.);
#855 = EDGE_LOOP('',(#856,#886,#909,#932,#958,#959,#960,#961));
#856 = ORIENTED_EDGE('',*,*,#857,.F.);
#857 = EDGE_CURVE('',#858,#860,#862,.T.);
#858 = VERTEX_POINT('',#859);
#859 = CARTESIAN_POINT('',(28.,-8.,8.0000001));
#860 = VERTEX_POINT('',#861);
#861 = CARTESIAN_POINT('',(20.,-8.,1.000000011686E-07));
#862 = SURFACE_CURVE('',#863,(#868,#879),.PCURVE_S1.);
#863 = CIRCLE('',#864,8.);
#864 = AXIS2_PLACEMENT_3D('',#865,#866,#867);
#865 = CARTESIAN_POINT('',(20.,-8.,8.0000001));
#866 = DIRECTION('',(-0.,1.,-1.224646799147E-16));
#867 = DIRECTION('',(0.,-1.224646799147E-16,-1.));
#868 = PCURVE('',#100,#869);
#869 = DEFINITIONAL_REPRESENTATION('',(#870),#878);
#870 = ( BOUNDED_CURVE() B_SPLINE_CURVE(2,(#871,#872,#873,#874,#875,#876
,#877),.UNSPECIFIED.,.T.,.F.) B_SPLINE_CURVE_WITH_KNOTS((1,2,2,2,2,1),(
    -2.094395102393,0.,2.094395102393,4.188790204786,6.28318530718,
8.377580409573),.UNSPECIFIED.) CURVE() GEOMETRIC_REPRESENTATION_ITEM() 
RATIONAL_B_SPLINE_CURVE((1.,0.5,1.,0.5,1.,0.5,1.)) REPRESENTATION_ITEM(
  '') );
#871 = CARTESIAN_POINT('',(22.8,48.));
#872 = CARTESIAN_POINT('',(22.8,34.143593539449));
#873 = CARTESIAN_POINT('',(10.8,41.071796769724));
#874 = CARTESIAN_POINT('',(-1.2,48.));
#875 = CARTESIAN_POINT('',(10.8,54.928203230276));
#876 = CARTESIAN_POINT('',(22.8,61.856406460551));
#877 = CARTESIAN_POINT('',(22.8,48.));
#878 = ( GEOMETRIC_REPRESENTATION_CONTEXT(2) 
PARAMETRIC_REPRESENTATION_CONTEXT() REPRESENTATION_CONTEXT('2D SPACE',''
  ) );
#879 = PCURVE('',#164,#880);
#880 = DEFINITIONAL_REPRESENTATION('',(#881),#885);
#881 = LINE('',#882,#883);
#882 = CARTESIAN_POINT('',(4.712388980385,16.));
#883 = VECTOR('',#884,1.);
#884 = DIRECTION('',(-1.,0.));
#885 = ( GEOMETRIC_REPRESENTATION_CONTEXT(2) 
PARAMETRIC_REPRESENTATION_CONTEXT() REPRESENTATION_CONTEXT('2D SPACE',''
  ) );
#886 = ORIENTED_EDGE('',*,*,#887,.F.);
#887 = EDGE_CURVE('',#888,#858,#890,.T.);
#888 = VERTEX_POINT('',#889);
#889 = CARTESIAN_POINT('',(28.,-8.,22.8000001));
#890 = SURFACE_CURVE('',#891,(#895,#902),.PCURVE_S1.);
#891 = LINE('',#892,#893);
#892 = CARTESIAN_POINT('',(28.,-8.,22.8000001));
#893 = VECTOR('',#894,1.);
#894 = DIRECTION('',(0.,-1.224646799147E-16,-1.));
#895 = PCURVE('',#100,#896);
#896 = DEFINITIONAL_REPRESENTATION('',(#897),#901);
#897 = LINE('',#898,#899);
#898 = CARTESIAN_POINT('',(0.,56.));
#899 = VECTOR('',#900,1.);
#900 = DIRECTION('',(1.,0.));
#901 = ( GEOMETRIC_REPRESENTATION_CONTEXT(2) 
PARAMETRIC_REPRESENTATION_CONTEXT() REPRESENTATION_CONTEXT('2D SPACE',''
  ) );
#902 = PCURVE('',#192,#903);
#903 = DEFINITIONAL_REPRESENTATION('',(#904),#908);
#904 = LINE('',#905,#906);
#905 = CARTESIAN_POINT('',(-1.593278800165E-15,-16.));
#906 = VECTOR('',#907,1.);
#907 = DIRECTION('',(1.,0.));
#908 = ( GEOMETRIC_REPRESENTATION_CONTEXT(2) 
PARAMETRIC_REPRESENTATION_CONTEXT() REPRESENTATION_CONTEXT('2D SPACE',''
  ) );
#909 = ORIENTED_EDGE('',*,*,#910,.F.);
#910 = EDGE_CURVE('',#911,#888,#913,.T.);
#911 = VERTEX_POINT('',#912);
#912 = CARTESIAN_POINT('',(18.582787734891,-8.,22.8000001));
#913 = SURFACE_CURVE('',#914,(#918,#925),.PCURVE_S1.);
#914 = LINE('',#915,#916);
#915 = CARTESIAN_POINT('',(-28.,-8.,22.8000001));
#916 = VECTOR('',#917,1.);
#917 = DIRECTION('',(1.,0.,0.));
#918 = PCURVE('',#100,#919);
#919 = DEFINITIONAL_REPRESENTATION('',(#920),#924);
#920 = LINE('',#921,#922);
#921 = CARTESIAN_POINT('',(0.,0.));
#922 = VECTOR('',#923,1.);
#923 = DIRECTION('',(0.,1.));
#924 = ( GEOMETRIC_REPRESENTATION_CONTEXT(2) 
PARAMETRIC_REPRESENTATION_CONTEXT() REPRESENTATION_CONTEXT('2D SPACE',''
  ) );
#925 = PCURVE('',#220,#926);
#926 = DEFINITIONAL_REPRESENTATION('',(#927),#931);
#927 = LINE('',#928,#929);
#928 = CARTESIAN_POINT('',(0.,16.));
#929 = VECTOR('',#930,1.);
#930 = DIRECTION('',(1.,0.));
#931 = ( GEOMETRIC_REPRESENTATION_CONTEXT(2) 
PARAMETRIC_REPRESENTATION_CONTEXT() REPRESENTATION_CONTEXT('2D SPACE',''
  ) );
#932 = ORIENTED_EDGE('',*,*,#933,.T.);
#933 = EDGE_CURVE('',#911,#739,#934,.T.);
#934 = SURFACE_CURVE('',#935,(#940,#951),.PCURVE_S1.);
#935 = CIRCLE('',#936,18.6);
#936 = AXIS2_PLACEMENT_3D('',#937,#938,#939);
#937 = CARTESIAN_POINT('',(0.,-8.,23.6000001));
#938 = DIRECTION('',(0.,1.,-1.224646799147E-16));
#939 = DIRECTION('',(1.,0.,0.));
#940 = PCURVE('',#100,#941);
#941 = DEFINITIONAL_REPRESENTATION('',(#942),#950);
#942 = ( BOUNDED_CURVE() B_SPLINE_CURVE(2,(#943,#944,#945,#946,#947,#948
,#949),.UNSPECIFIED.,.T.,.F.) B_SPLINE_CURVE_WITH_KNOTS((1,2,2,2,2,1),(
    -2.094395102393,0.,2.094395102393,4.188790204786,6.28318530718,
8.377580409573),.UNSPECIFIED.) CURVE() GEOMETRIC_REPRESENTATION_ITEM() 
RATIONAL_B_SPLINE_CURVE((1.,0.5,1.,0.5,1.,0.5,1.)) REPRESENTATION_ITEM(
  '') );
#943 = CARTESIAN_POINT('',(-0.8,46.6));
#944 = CARTESIAN_POINT('',(31.416145020781,46.6));
#945 = CARTESIAN_POINT('',(15.308072510391,18.7));
#946 = CARTESIAN_POINT('',(-0.8,-9.2));
#947 = CARTESIAN_POINT('',(-16.90807251039,18.7));
#948 = CARTESIAN_POINT('',(-33.01614502078,46.6));
#949 = CARTESIAN_POINT('',(-0.8,46.6));
#950 = ( GEOMETRIC_REPRESENTATION_CONTEXT(2) 
PARAMETRIC_REPRESENTATION_CONTEXT() REPRESENTATION_CONTEXT('2D SPACE',''
  ) );
#951 = PCURVE('',#253,#952);
#952 = DEFINITIONAL_REPRESENTATION('',(#953),#957);
#953 = LINE('',#954,#955);
#954 = CARTESIAN_POINT('',(0.,-17.));
#955 = VECTOR('',#956,1.);
#956 = DIRECTION('',(1.,0.));
#957 = ( GEOMETRIC_REPRESENTATION_CONTEXT(2) 
PARAMETRIC_REPRESENTATION_CONTEXT() REPRESENTATION_CONTEXT('2D SPACE',''
  ) );
#958 = ORIENTED_EDGE('',*,*,#738,.F.);
#959 = ORIENTED_EDGE('',*,*,#84,.T.);
#960 = ORIENTED_EDGE('',*,*,#364,.T.);
#961 = ORIENTED_EDGE('',*,*,#962,.T.);
#962 = EDGE_CURVE('',#342,#860,#963,.T.);
#963 = SURFACE_CURVE('',#964,(#968,#975),.PCURVE_S1.);
#964 = LINE('',#965,#966);
#965 = CARTESIAN_POINT('',(-28.,-8.,1.000000011686E-07));
#966 = VECTOR('',#967,1.);
#967 = DIRECTION('',(1.,0.,0.));
#968 = PCURVE('',#100,#969);
#969 = DEFINITIONAL_REPRESENTATION('',(#970),#974);
#970 = LINE('',#971,#972);
#971 = CARTESIAN_POINT('',(22.8,0.));
#972 = VECTOR('',#973,1.);
#973 = DIRECTION('',(0.,1.));
#974 = ( GEOMETRIC_REPRESENTATION_CONTEXT(2) 
PARAMETRIC_REPRESENTATION_CONTEXT() REPRESENTATION_CONTEXT('2D SPACE',''
  ) );
#975 = PCURVE('',#325,#976);
#976 = DEFINITIONAL_REPRESENTATION('',(#977),#981);
#977 = LINE('',#978,#979);
#978 = CARTESIAN_POINT('',(0.,16.));
#979 = VECTOR('',#980,1.);
#980 = DIRECTION('',(1.,0.));
#981 = ( GEOMETRIC_REPRESENTATION_CONTEXT(2) 
PARAMETRIC_REPRESENTATION_CONTEXT() REPRESENTATION_CONTEXT('2D SPACE',''
  ) );
#982 = ADVANCED_FACE('',(#983,#1029,#1200),#164,.T.);
#983 = FACE_BOUND('',#984,.F.);
#984 = EDGE_LOOP('',(#985,#986,#1007,#1008));
#985 = ORIENTED_EDGE('',*,*,#141,.T.);
#986 = ORIENTED_EDGE('',*,*,#987,.T.);
#987 = EDGE_CURVE('',#144,#860,#988,.T.);
#988 = SURFACE_CURVE('',#989,(#993,#1000),.PCURVE_S1.);
#989 = LINE('',#990,#991);
#990 = CARTESIAN_POINT('',(20.,8.,1.000000011686E-07));
#991 = VECTOR('',#992,1.);
#992 = DIRECTION('',(0.,-1.,1.224646799147E-16));
#993 = PCURVE('',#164,#994);
#994 = DEFINITIONAL_REPRESENTATION('',(#995),#999);
#995 = LINE('',#996,#997);
#996 = CARTESIAN_POINT('',(-1.570796326795,0.));
#997 = VECTOR('',#998,1.);
#998 = DIRECTION('',(-0.,1.));
#999 = ( GEOMETRIC_REPRESENTATION_CONTEXT(2) 
PARAMETRIC_REPRESENTATION_CONTEXT() REPRESENTATION_CONTEXT('2D SPACE',''
  ) );
#1000 = PCURVE('',#325,#1001);
#1001 = DEFINITIONAL_REPRESENTATION('',(#1002),#1006);
#1002 = LINE('',#1003,#1004);
#1003 = CARTESIAN_POINT('',(48.,0.));
#1004 = VECTOR('',#1005,1.);
#1005 = DIRECTION('',(0.,1.));
#1006 = ( GEOMETRIC_REPRESENTATION_CONTEXT(2) 
PARAMETRIC_REPRESENTATION_CONTEXT() REPRESENTATION_CONTEXT('2D SPACE',''
  ) );
#1007 = ORIENTED_EDGE('',*,*,#857,.F.);
#1008 = ORIENTED_EDGE('',*,*,#1009,.F.);
#1009 = EDGE_CURVE('',#142,#858,#1010,.T.);
#1010 = SURFACE_CURVE('',#1011,(#1015,#1022),.PCURVE_S1.);
#1011 = LINE('',#1012,#1013);
#1012 = CARTESIAN_POINT('',(28.,8.,8.0000001));
#1013 = VECTOR('',#1014,1.);
#1014 = DIRECTION('',(0.,-1.,1.224646799147E-16));
#1015 = PCURVE('',#164,#1016);
#1016 = DEFINITIONAL_REPRESENTATION('',(#1017),#1021);
#1017 = LINE('',#1018,#1019);
#1018 = CARTESIAN_POINT('',(-0.,0.));
#1019 = VECTOR('',#1020,1.);
#1020 = DIRECTION('',(-0.,1.));
#1021 = ( GEOMETRIC_REPRESENTATION_CONTEXT(2) 
PARAMETRIC_REPRESENTATION_CONTEXT() REPRESENTATION_CONTEXT('2D SPACE',''
  ) );
#1022 = PCURVE('',#192,#1023);
#1023 = DEFINITIONAL_REPRESENTATION('',(#1024),#1028);
#1024 = LINE('',#1025,#1026);
#1025 = CARTESIAN_POINT('',(14.8,-5.292950094863E-15));
#1026 = VECTOR('',#1027,1.);
#1027 = DIRECTION('',(0.,-1.));
#1028 = ( GEOMETRIC_REPRESENTATION_CONTEXT(2) 
PARAMETRIC_REPRESENTATION_CONTEXT() REPRESENTATION_CONTEXT('2D SPACE',''
  ) );
#1029 = FACE_BOUND('',#1030,.F.);
#1030 = EDGE_LOOP('',(#1031));
#1031 = ORIENTED_EDGE('',*,*,#1032,.T.);
#1032 = EDGE_CURVE('',#1033,#1033,#1035,.T.);
#1033 = VERTEX_POINT('',#1034);
#1034 = CARTESIAN_POINT('',(25.8,3.,2.490009174418));
#1035 = SURFACE_CURVE('',#1036,(#1087,#1141),.PCURVE_S1.);
#1036 = B_SPLINE_CURVE_WITH_KNOTS('',7,(#1037,#1038,#1039,#1040,#1041,
    #1042,#1043,#1044,#1045,#1046,#1047,#1048,#1049,#1050,#1051,#1052,
    #1053,#1054,#1055,#1056,#1057,#1058,#1059,#1060,#1061,#1062,#1063,
    #1064,#1065,#1066,#1067,#1068,#1069,#1070,#1071,#1072,#1073,#1074,
    #1075,#1076,#1077,#1078,#1079,#1080,#1081,#1082,#1083,#1084,#1085,
    #1086),.UNSPECIFIED.,.T.,.F.,(8,6,6,6,6,6,6,6,8),(0.,0.142387112893,
    0.277943541061,0.388659919013,0.524768036474,0.639822661843,
    0.771114272862,0.879641094047,1.),.UNSPECIFIED.);
#1037 = CARTESIAN_POINT('',(25.8,3.,2.490009174418));
#1038 = CARTESIAN_POINT('',(25.8,2.671000816635,2.490009174418));
#1039 = CARTESIAN_POINT('',(25.749488679961,2.352989646129,2.43683816461
    ));
#1040 = CARTESIAN_POINT('',(25.654531216364,2.049786387909,
    2.336890134982));
#1041 = CARTESIAN_POINT('',(25.51802645136,1.764851569549,2.199321505729
    ));
#1042 = CARTESIAN_POINT('',(25.34259922663,1.503379612181,2.035259927237
    ));
#1043 = CARTESIAN_POINT('',(25.132380704842,1.271286583496,
    1.855913192194));
#1044 = CARTESIAN_POINT('',(24.66619610318,0.885625140896,1.495446674774
    ));
#1045 = CARTESIAN_POINT('',(24.401601072897,0.719470267661,
    1.306083259696));
#1046 = CARTESIAN_POINT('',(24.101786943718,0.586369584047,
    1.111903342396));
#1047 = CARTESIAN_POINT('',(23.771295512464,0.496419294876,
    0.923027634902));
#1048 = CARTESIAN_POINT('',(23.417054805805,0.45915130957,0.747978657599
    ));
#1049 = CARTESIAN_POINT('',(23.048247183669,0.48354945829,0.593088034105
    ));
#1050 = CARTESIAN_POINT('',(22.376098915829,0.656127801168,
    0.354282966895));
#1051 = CARTESIAN_POINT('',(22.090973732372,0.776229359406,
    0.268898381687));
#1052 = CARTESIAN_POINT('',(21.829563832626,0.93392094184,0.203662696176
    ));
#1053 = CARTESIAN_POINT('',(21.597511527821,1.123070345939,0.15538475291
    ));
#1054 = CARTESIAN_POINT('',(21.399171573341,1.336059228587,
    0.120307736698));
#1055 = CARTESIAN_POINT('',(21.23672384315,1.563711377464,
    9.512270820919E-02));
#1056 = CARTESIAN_POINT('',(20.952504023173,2.080705310745,
    5.533008467176E-02));
#1057 = CARTESIAN_POINT('',(20.843308255341,2.381857303971,
    4.372971345676E-02));
#1058 = CARTESIAN_POINT('',(20.780163668647,2.691756968414,
    3.819756721519E-02));
#1059 = CARTESIAN_POINT('',(20.761807811651,3.005086630905,
    3.664708909805E-02));
#1060 = CARTESIAN_POINT('',(20.787699972673,3.3173642138,
    3.867234538913E-02));
#1061 = CARTESIAN_POINT('',(20.858369080032,3.624323973285,
    4.530694087828E-02));
#1062 = CARTESIAN_POINT('',(21.074621338534,4.170514830453,
    7.187607842295E-02));
#1063 = CARTESIAN_POINT('',(21.205243904349,4.408629792956,
    8.938859103716E-02));
#1064 = CARTESIAN_POINT('',(21.365548928722,4.629451193959,
    0.113697450717));
#1065 = CARTESIAN_POINT('',(21.552558342792,4.82848712113,0.146798970197
    ));
#1066 = CARTESIAN_POINT('',(21.762629427495,5.00207655095,0.190860165895
    ));
#1067 = CARTESIAN_POINT('',(21.991728846126,5.147333271738,
    0.247742273879));
#1068 = CARTESIAN_POINT('',(22.513783997901,5.392993778986,
    0.399680347711));
#1069 = CARTESIAN_POINT('',(22.810250178868,5.483732328094,
    0.498716995939));
#1070 = CARTESIAN_POINT('',(23.115326619869,5.530112365942,
    0.616587780772));
#1071 = CARTESIAN_POINT('',(23.418410352954,5.532012241449,0.75193465976
    ));
#1072 = CARTESIAN_POINT('',(23.709237308967,5.492954674536,
    0.900249667925));
#1073 = CARTESIAN_POINT('',(23.9789049173,5.420020795486,1.0538454019));
#1074 = CARTESIAN_POINT('',(24.419860126621,5.24543427749,1.327668339443
    ));
#1075 = CARTESIAN_POINT('',(24.60539051004,5.148858127262,1.452358219254
    ));
#1076 = CARTESIAN_POINT('',(24.776795152045,5.037301146573,
    1.576052848813));
#1077 = CARTESIAN_POINT('',(24.934190425456,4.912586349661,
    1.697137612964));
#1078 = CARTESIAN_POINT('',(25.077711809762,4.775924642047,
    1.813991411225));
#1079 = CARTESIAN_POINT('',(25.207309245052,4.628068080123,
    1.924824790781));
#1080 = CARTESIAN_POINT('',(25.450338975792,4.293566352596,
    2.141407454867));
#1081 = CARTESIAN_POINT('',(25.562250761512,4.102005094573,
    2.246861311732));
#1082 = CARTESIAN_POINT('',(25.654903385465,3.897335007632,
    2.338788609105));
#1083 = CARTESIAN_POINT('',(25.726250662724,3.682395252438,
    2.412371053992));
#1084 = CARTESIAN_POINT('',(25.774980492915,3.459736210149,
    2.463675907588));
#1085 = CARTESIAN_POINT('',(25.8,3.231535170904,2.490009174418));
#1086 = CARTESIAN_POINT('',(25.8,3.,2.490009174418));
#1087 = PCURVE('',#164,#1088);
#1088 = DEFINITIONAL_REPRESENTATION('',(#1089),#1140);
#1089 = B_SPLINE_CURVE_WITH_KNOTS('',7,(#1090,#1091,#1092,#1093,#1094,
    #1095,#1096,#1097,#1098,#1099,#1100,#1101,#1102,#1103,#1104,#1105,
    #1106,#1107,#1108,#1109,#1110,#1111,#1112,#1113,#1114,#1115,#1116,
    #1117,#1118,#1119,#1120,#1121,#1122,#1123,#1124,#1125,#1126,#1127,
    #1128,#1129,#1130,#1131,#1132,#1133,#1134,#1135,#1136,#1137,#1138,
    #1139),.UNSPECIFIED.,.F.,.F.,(8,6,6,6,6,6,6,6,8),(0.,0.142387112893,
    0.277943541061,0.388659919013,0.524768036474,0.639822661843,
    0.771114272862,0.879641094047,1.),.UNSPECIFIED.);
#1090 = CARTESIAN_POINT('',(-0.759761932507,5.));
#1091 = CARTESIAN_POINT('',(-0.759761932507,5.328999183365));
#1092 = CARTESIAN_POINT('',(-0.768929049067,5.647010353871));
#1093 = CARTESIAN_POINT('',(-0.786163197405,5.950213612091));
#1094 = CARTESIAN_POINT('',(-0.810379344182,6.23514843045));
#1095 = CARTESIAN_POINT('',(-0.840357842903,6.49662038782));
#1096 = CARTESIAN_POINT('',(-0.874859058886,6.728713416504));
#1097 = CARTESIAN_POINT('',(-0.948520466799,7.114374859104));
#1098 = CARTESIAN_POINT('',(-0.98916452558,7.280529732339));
#1099 = CARTESIAN_POINT('',(-1.033735045528,7.413630415953));
#1100 = CARTESIAN_POINT('',(-1.081175143894,7.503580705124));
#1101 = CARTESIAN_POINT('',(-1.13041879852,7.54084869043));
#1102 = CARTESIAN_POINT('',(-1.180341318933,7.51645054171));
#1103 = CARTESIAN_POINT('',(-1.269505068757,7.343872198832));
#1104 = CARTESIAN_POINT('',(-1.306662289355,7.223770640594));
#1105 = CARTESIAN_POINT('',(-1.340287874144,7.06607905816));
#1106 = CARTESIAN_POINT('',(-1.369888060432,6.876929654061));
#1107 = CARTESIAN_POINT('',(-1.395055948377,6.663940771413));
#1108 = CARTESIAN_POINT('',(-1.4156022554,6.436288622536));
#1109 = CARTESIAN_POINT('',(-1.451476244706,5.919294689255));
#1110 = CARTESIAN_POINT('',(-1.465194982776,5.618142696029));
#1111 = CARTESIAN_POINT('',(-1.473120049801,5.308243031586));
#1112 = CARTESIAN_POINT('',(-1.47542311941,4.994913369095));
#1113 = CARTESIAN_POINT('',(-1.472174971949,4.6826357862));
#1114 = CARTESIAN_POINT('',(-1.46330606735,4.375676026715));
#1115 = CARTESIAN_POINT('',(-1.436071278483,3.829485169547));
#1116 = CARTESIAN_POINT('',(-1.419598384022,3.591370207044));
#1117 = CARTESIAN_POINT('',(-1.3993360077,3.370548806041));
#1118 = CARTESIAN_POINT('',(-1.37561129139,3.17151287887));
#1119 = CARTESIAN_POINT('',(-1.348807295146,2.99792344905));
#1120 = CARTESIAN_POINT('',(-1.319323785321,2.852666728262));
#1121 = CARTESIAN_POINT('',(-1.251359323126,2.607006221014));
#1122 = CARTESIAN_POINT('',(-1.212318038587,2.516267671906));
#1123 = CARTESIAN_POINT('',(-1.171507431618,2.469887634058));
#1124 = CARTESIAN_POINT('',(-1.130117373892,2.467987758551));
#1125 = CARTESIAN_POINT('',(-1.089380786103,2.507045325464));
#1126 = CARTESIAN_POINT('',(-1.050615915381,2.579979204514));
#1127 = CARTESIAN_POINT('',(-0.985733750826,2.75456572251));
#1128 = CARTESIAN_POINT('',(-0.957809648977,2.851141872738));
#1129 = CARTESIAN_POINT('',(-0.931409914937,2.962698853427));
#1130 = CARTESIAN_POINT('',(-0.906605629515,3.087413650339));
#1131 = CARTESIAN_POINT('',(-0.883482442005,3.224075357953));
#1132 = CARTESIAN_POINT('',(-0.862170918372,3.371931919877));
#1133 = CARTESIAN_POINT('',(-0.821479338238,3.706433647404));
#1134 = CARTESIAN_POINT('',(-0.802265985906,3.897994905427));
#1135 = CARTESIAN_POINT('',(-0.785957499401,4.102664992368));
#1136 = CARTESIAN_POINT('',(-0.773147948557,4.317604747562));
#1137 = CARTESIAN_POINT('',(-0.764302121014,4.540263789851));
#1138 = CARTESIAN_POINT('',(-0.759761932507,4.768464829096));
#1139 = CARTESIAN_POINT('',(-0.759761932507,5.));
#1140 = ( GEOMETRIC_REPRESENTATION_CONTEXT(2) 
PARAMETRIC_REPRESENTATION_CONTEXT() REPRESENTATION_CONTEXT('2D SPACE',''
  ) );
#1141 = PCURVE('',#1142,#1147);
#1142 = CYLINDRICAL_SURFACE('',#1143,2.5);
#1143 = AXIS2_PLACEMENT_3D('',#1144,#1145,#1146);
#1144 = CARTESIAN_POINT('',(23.3,3.,12.8000001));
#1145 = DIRECTION('',(-0.,1.224646799147E-16,1.));
#1146 = DIRECTION('',(1.,0.,0.));
#1147 = DEFINITIONAL_REPRESENTATION('',(#1148),#1199);
#1148 = B_SPLINE_CURVE_WITH_KNOTS('',7,(#1149,#1150,#1151,#1152,#1153,
    #1154,#1155,#1156,#1157,#1158,#1159,#1160,#1161,#1162,#1163,#1164,
    #1165,#1166,#1167,#1168,#1169,#1170,#1171,#1172,#1173,#1174,#1175,
    #1176,#1177,#1178,#1179,#1180,#1181,#1182,#1183,#1184,#1185,#1186,
    #1187,#1188,#1189,#1190,#1191,#1192,#1193,#1194,#1195,#1196,#1197,
    #1198),.UNSPECIFIED.,.F.,.F.,(8,6,6,6,6,6,6,6,8),(0.,0.142387112893,
    0.277943541061,0.388659919013,0.524768036474,0.639822661843,
    0.771114272862,0.879641094047,1.),.UNSPECIFIED.);
#1149 = CARTESIAN_POINT('',(0.,-10.30999092558));
#1150 = CARTESIAN_POINT('',(-0.131599673346,-10.30999092558));
#1151 = CARTESIAN_POINT('',(-0.258805270853,-10.36316193539));
#1152 = CARTESIAN_POINT('',(-0.383802446077,-10.46310996501));
#1153 = CARTESIAN_POINT('',(-0.507847553945,-10.60067859427));
#1154 = CARTESIAN_POINT('',(-0.631699607441,-10.76474017276));
#1155 = CARTESIAN_POINT('',(-0.755665864682,-10.9440869078));
#1156 = CARTESIAN_POINT('',(-0.99767837052,-11.30455342522));
#1157 = CARTESIAN_POINT('',(-1.121591179085,-11.4939168403));
#1158 = CARTESIAN_POINT('',(-1.250624108115,-11.6880967576));
#1159 = CARTESIAN_POINT('',(-1.384664330087,-11.87697246509));
#1160 = CARTESIAN_POINT('',(-1.524017838457,-12.0520214424));
#1161 = CARTESIAN_POINT('',(-1.669334834039,-12.20691206589));
#1162 = CARTESIAN_POINT('',(-1.94691482709,-12.4457171331));
#1163 = CARTESIAN_POINT('',(-2.069328904808,-12.53110171831));
#1164 = CARTESIAN_POINT('',(-2.189468989656,-12.59633740382));
#1165 = CARTESIAN_POINT('',(-2.307166917322,-12.64461534709));
#1166 = CARTESIAN_POINT('',(-2.421981142583,-12.6796923633));
#1167 = CARTESIAN_POINT('',(-2.533082450955,-12.70487739179));
#1168 = CARTESIAN_POINT('',(-2.769070122877,-12.74467001532));
#1169 = CARTESIAN_POINT('',(-2.895672988981,-12.75627038654));
#1170 = CARTESIAN_POINT('',(-3.02006665217,-12.76180253278));
#1171 = CARTESIAN_POINT('',(-3.143355675835,-12.7633530109));
#1172 = CARTESIAN_POINT('',(-3.26667900823,-12.76132775461));
#1173 = CARTESIAN_POINT('',(-3.391246755901,-12.75469315912));
#1174 = CARTESIAN_POINT('',(-3.626224028594,-12.72812402157));
#1175 = CARTESIAN_POINT('',(-3.734015627399,-12.71061150896));
#1176 = CARTESIAN_POINT('',(-3.841783538085,-12.68630264928));
#1177 = CARTESIAN_POINT('',(-3.949480520446,-12.6532011298));
#1178 = CARTESIAN_POINT('',(-4.057121273854,-12.6091399341));
#1179 = CARTESIAN_POINT('',(-4.164778371766,-12.55225782612));
#1180 = CARTESIAN_POINT('',(-4.395565084144,-12.40031975228));
#1181 = CARTESIAN_POINT('',(-4.51831883133,-12.30128310406));
#1182 = CARTESIAN_POINT('',(-4.639675626422,-12.18341231922));
#1183 = CARTESIAN_POINT('',(-4.758752819237,-12.04806544024));
#1184 = CARTESIAN_POINT('',(-4.874492086138,-11.89975043207));
#1185 = CARTESIAN_POINT('',(-4.985524400989,-11.7461546981));
#1186 = CARTESIAN_POINT('',(-5.175228148508,-11.47233176055));
#1187 = CARTESIAN_POINT('',(-5.258452973882,-11.34764188074));
#1188 = CARTESIAN_POINT('',(-5.3396531937,-11.22394725118));
#1189 = CARTESIAN_POINT('',(-5.41937364439,-11.10286248703));
#1190 = CARTESIAN_POINT('',(-5.498132464117,-10.98600868877));
#1191 = CARTESIAN_POINT('',(-5.576448176855,-10.87517530921));
#1192 = CARTESIAN_POINT('',(-5.741834926381,-10.65859264513));
#1193 = CARTESIAN_POINT('',(-5.830136513044,-10.55313878826));
#1194 = CARTESIAN_POINT('',(-5.919230837954,-10.46121149089));
#1195 = CARTESIAN_POINT('',(-6.008928421017,-10.387629046));
#1196 = CARTESIAN_POINT('',(-6.099291325594,-10.33632419241));
#1197 = CARTESIAN_POINT('',(-6.190571238818,-10.30999092558));
#1198 = CARTESIAN_POINT('',(-6.28318530718,-10.30999092558));
#1199 = ( GEOMETRIC_REPRESENTATION_CONTEXT(2) 
PARAMETRIC_REPRESENTATION_CONTEXT() REPRESENTATION_CONTEXT('2D SPACE',''
  ) );
#1200 = FACE_BOUND('',#1201,.F.);
#1201 = EDGE_LOOP('',(#1202));
#1202 = ORIENTED_EDGE('',*,*,#1203,.T.);
#1203 = EDGE_CURVE('',#1204,#1204,#1206,.T.);
#1204 = VERTEX_POINT('',#1205);
#1205 = CARTESIAN_POINT('',(25.8,-3.,2.490009174418));
#1206 = SURFACE_CURVE('',#1207,(#1258,#1312),.PCURVE_S1.);
#1207 = B_SPLINE_CURVE_WITH_KNOTS('',7,(#1208,#1209,#1210,#1211,#1212,
    #1213,#1214,#1215,#1216,#1217,#1218,#1219,#1220,#1221,#1222,#1223,
    #1224,#1225,#1226,#1227,#1228,#1229,#1230,#1231,#1232,#1233,#1234,
    #1235,#1236,#1237,#1238,#1239,#1240,#1241,#1242,#1243,#1244,#1245,
    #1246,#1247,#1248,#1249,#1250,#1251,#1252,#1253,#1254,#1255,#1256,
    #1257),.UNSPECIFIED.,.T.,.F.,(8,6,6,6,6,6,6,6,8),(0.,0.142387112869,
    0.277943541041,0.388659918996,0.524768036461,0.639822661833,
    0.771114272856,0.879641094043,1.),.UNSPECIFIED.);
#1208 = CARTESIAN_POINT('',(25.8,-3.,2.490009174418));
#1209 = CARTESIAN_POINT('',(25.8,-3.328999183423,2.490009174418));
#1210 = CARTESIAN_POINT('',(25.74948867994,-3.647010353739,
    2.436838164595));
#1211 = CARTESIAN_POINT('',(25.654531216454,-3.950213612176,
    2.336890135051));
#1212 = CARTESIAN_POINT('',(25.518026451202,-4.235148430502,
    2.199321505605));
#1213 = CARTESIAN_POINT('',(25.342599226763,-4.496620387724,
    2.035259927342));
#1214 = CARTESIAN_POINT('',(25.132380704794,-4.728713416544,
    1.855913192157));
#1215 = CARTESIAN_POINT('',(24.66619610318,-5.114374859104,
    1.495446674774));
#1216 = CARTESIAN_POINT('',(24.401601072896,-5.280529732339,
    1.306083259696));
#1217 = CARTESIAN_POINT('',(24.101786943718,-5.413630415951,
    1.111903342397));
#1218 = CARTESIAN_POINT('',(23.771295512465,-5.503580705125,
    0.923027634902));
#1219 = CARTESIAN_POINT('',(23.417054805804,-5.54084869043,
    0.747978657599));
#1220 = CARTESIAN_POINT('',(23.048247183669,-5.51645054171,
    0.593088034105));
#1221 = CARTESIAN_POINT('',(22.376098915829,-5.343872198832,
    0.354282966895));
#1222 = CARTESIAN_POINT('',(22.090973732372,-5.223770640594,
    0.268898381686));
#1223 = CARTESIAN_POINT('',(21.829563832626,-5.06607905816,
    0.203662696177));
#1224 = CARTESIAN_POINT('',(21.597511527821,-4.876929654061,
    0.15538475291));
#1225 = CARTESIAN_POINT('',(21.399171573341,-4.663940771414,
    0.120307736698));
#1226 = CARTESIAN_POINT('',(21.23672384315,-4.436288622536,
    9.512270820917E-02));
#1227 = CARTESIAN_POINT('',(20.952504023174,-3.919294689255,
    5.53300846718E-02));
#1228 = CARTESIAN_POINT('',(20.843308255341,-3.618142696029,
    4.372971345676E-02));
#1229 = CARTESIAN_POINT('',(20.780163668647,-3.308243031586,
    3.819756721511E-02));
#1230 = CARTESIAN_POINT('',(20.761807811651,-2.994913369094,
    3.664708909813E-02));
#1231 = CARTESIAN_POINT('',(20.787699972674,-2.6826357862,
    3.867234538911E-02));
#1232 = CARTESIAN_POINT('',(20.858369080032,-2.375676026716,
    4.530694087826E-02));
#1233 = CARTESIAN_POINT('',(21.074621338534,-1.829485169547,
    7.187607842295E-02));
#1234 = CARTESIAN_POINT('',(21.205243904349,-1.591370207044,
    8.938859103723E-02));
#1235 = CARTESIAN_POINT('',(21.365548928722,-1.370548806041,
    0.113697450717));
#1236 = CARTESIAN_POINT('',(21.552558342792,-1.171512878869,
    0.146798970198));
#1237 = CARTESIAN_POINT('',(21.762629427495,-0.99792344905,
    0.190860165895));
#1238 = CARTESIAN_POINT('',(21.991728846126,-0.852666728262,
    0.247742273879));
#1239 = CARTESIAN_POINT('',(22.513783997901,-0.607006221014,
    0.399680347711));
#1240 = CARTESIAN_POINT('',(22.810250178868,-0.516267671906,
    0.498716995939));
#1241 = CARTESIAN_POINT('',(23.115326619869,-0.469887634058,
    0.616587780772));
#1242 = CARTESIAN_POINT('',(23.418410352953,-0.467987758551,
    0.751934659759));
#1243 = CARTESIAN_POINT('',(23.709237308967,-0.507045325464,
    0.900249667925));
#1244 = CARTESIAN_POINT('',(23.9789049173,-0.579979204514,1.0538454019)
  );
#1245 = CARTESIAN_POINT('',(24.419860126621,-0.75456572251,
    1.327668339443));
#1246 = CARTESIAN_POINT('',(24.60539051004,-0.851141872738,
    1.452358219254));
#1247 = CARTESIAN_POINT('',(24.776795152045,-0.962698853427,
    1.576052848813));
#1248 = CARTESIAN_POINT('',(24.934190425456,-1.087413650339,
    1.697137612964));
#1249 = CARTESIAN_POINT('',(25.077711809762,-1.224075357953,
    1.813991411225));
#1250 = CARTESIAN_POINT('',(25.207309245052,-1.371931919877,
    1.924824790781));
#1251 = CARTESIAN_POINT('',(25.450338975792,-1.706433647404,
    2.141407454867));
#1252 = CARTESIAN_POINT('',(25.562250761512,-1.897994905427,
    2.246861311732));
#1253 = CARTESIAN_POINT('',(25.654903385465,-2.102664992368,
    2.338788609105));
#1254 = CARTESIAN_POINT('',(25.726250662724,-2.317604747562,
    2.412371053992));
#1255 = CARTESIAN_POINT('',(25.774980492915,-2.540263789851,
    2.463675907588));
#1256 = CARTESIAN_POINT('',(25.8,-2.768464829096,2.490009174418));
#1257 = CARTESIAN_POINT('',(25.8,-3.,2.490009174418));
#1258 = PCURVE('',#164,#1259);
#1259 = DEFINITIONAL_REPRESENTATION('',(#1260),#1311);
#1260 = B_SPLINE_CURVE_WITH_KNOTS('',7,(#1261,#1262,#1263,#1264,#1265,
    #1266,#1267,#1268,#1269,#1270,#1271,#1272,#1273,#1274,#1275,#1276,
    #1277,#1278,#1279,#1280,#1281,#1282,#1283,#1284,#1285,#1286,#1287,
    #1288,#1289,#1290,#1291,#1292,#1293,#1294,#1295,#1296,#1297,#1298,
    #1299,#1300,#1301,#1302,#1303,#1304,#1305,#1306,#1307,#1308,#1309,
    #1310),.UNSPECIFIED.,.F.,.F.,(8,6,6,6,6,6,6,6,8),(0.,0.142387112869,
    0.277943541041,0.388659918996,0.524768036461,0.639822661833,
    0.771114272856,0.879641094043,1.),.UNSPECIFIED.);
#1261 = CARTESIAN_POINT('',(-0.759761932507,11.));
#1262 = CARTESIAN_POINT('',(-0.759761932507,11.328999183423));
#1263 = CARTESIAN_POINT('',(-0.76892904907,11.647010353739));
#1264 = CARTESIAN_POINT('',(-0.786163197391,11.950213612176));
#1265 = CARTESIAN_POINT('',(-0.810379344207,12.235148430502));
#1266 = CARTESIAN_POINT('',(-0.840357842882,12.496620387724));
#1267 = CARTESIAN_POINT('',(-0.874859058893,12.728713416544));
#1268 = CARTESIAN_POINT('',(-0.948520466799,13.114374859104));
#1269 = CARTESIAN_POINT('',(-0.989164525581,13.280529732339));
#1270 = CARTESIAN_POINT('',(-1.033735045528,13.413630415952));
#1271 = CARTESIAN_POINT('',(-1.081175143894,13.503580705125));
#1272 = CARTESIAN_POINT('',(-1.13041879852,13.54084869043));
#1273 = CARTESIAN_POINT('',(-1.180341318933,13.51645054171));
#1274 = CARTESIAN_POINT('',(-1.269505068757,13.343872198832));
#1275 = CARTESIAN_POINT('',(-1.306662289355,13.223770640594));
#1276 = CARTESIAN_POINT('',(-1.340287874144,13.06607905816));
#1277 = CARTESIAN_POINT('',(-1.369888060432,12.876929654062));
#1278 = CARTESIAN_POINT('',(-1.395055948377,12.663940771413));
#1279 = CARTESIAN_POINT('',(-1.4156022554,12.436288622536));
#1280 = CARTESIAN_POINT('',(-1.451476244706,11.919294689255));
#1281 = CARTESIAN_POINT('',(-1.465194982776,11.618142696029));
#1282 = CARTESIAN_POINT('',(-1.473120049801,11.308243031586));
#1283 = CARTESIAN_POINT('',(-1.47542311941,10.994913369095));
#1284 = CARTESIAN_POINT('',(-1.472174971949,10.6826357862));
#1285 = CARTESIAN_POINT('',(-1.46330606735,10.375676026716));
#1286 = CARTESIAN_POINT('',(-1.436071278483,9.829485169547));
#1287 = CARTESIAN_POINT('',(-1.419598384022,9.591370207043));
#1288 = CARTESIAN_POINT('',(-1.3993360077,9.370548806041));
#1289 = CARTESIAN_POINT('',(-1.37561129139,9.171512878869));
#1290 = CARTESIAN_POINT('',(-1.348807295146,8.99792344905));
#1291 = CARTESIAN_POINT('',(-1.319323785321,8.852666728262));
#1292 = CARTESIAN_POINT('',(-1.251359323126,8.607006221014));
#1293 = CARTESIAN_POINT('',(-1.212318038587,8.516267671906));
#1294 = CARTESIAN_POINT('',(-1.171507431618,8.469887634058));
#1295 = CARTESIAN_POINT('',(-1.130117373892,8.467987758551));
#1296 = CARTESIAN_POINT('',(-1.089380786102,8.507045325464));
#1297 = CARTESIAN_POINT('',(-1.050615915381,8.579979204514));
#1298 = CARTESIAN_POINT('',(-0.985733750826,8.75456572251));
#1299 = CARTESIAN_POINT('',(-0.957809648977,8.851141872738));
#1300 = CARTESIAN_POINT('',(-0.931409914937,8.962698853427));
#1301 = CARTESIAN_POINT('',(-0.906605629515,9.087413650339));
#1302 = CARTESIAN_POINT('',(-0.883482442005,9.224075357953));
#1303 = CARTESIAN_POINT('',(-0.862170918372,9.371931919877));
#1304 = CARTESIAN_POINT('',(-0.821479338238,9.706433647404));
#1305 = CARTESIAN_POINT('',(-0.802265985906,9.897994905427));
#1306 = CARTESIAN_POINT('',(-0.785957499401,10.102664992368));
#1307 = CARTESIAN_POINT('',(-0.773147948557,10.317604747562));
#1308 = CARTESIAN_POINT('',(-0.764302121014,10.540263789851));
#1309 = CARTESIAN_POINT('',(-0.759761932507,10.768464829096));
#1310 = CARTESIAN_POINT('',(-0.759761932507,11.));
#1311 = ( GEOMETRIC_REPRESENTATION_CONTEXT(2) 
PARAMETRIC_REPRESENTATION_CONTEXT() REPRESENTATION_CONTEXT('2D SPACE',''
  ) );
#1312 = PCURVE('',#1313,#1318);
#1313 = CYLINDRICAL_SURFACE('',#1314,2.5);
#1314 = AXIS2_PLACEMENT_3D('',#1315,#1316,#1317);
#1315 = CARTESIAN_POINT('',(23.3,-3.,12.8000001));
#1316 = DIRECTION('',(-0.,1.224646799147E-16,1.));
#1317 = DIRECTION('',(1.,0.,0.));
#1318 = DEFINITIONAL_REPRESENTATION('',(#1319),#1370);
#1319 = B_SPLINE_CURVE_WITH_KNOTS('',7,(#1320,#1321,#1322,#1323,#1324,
    #1325,#1326,#1327,#1328,#1329,#1330,#1331,#1332,#1333,#1334,#1335,
    #1336,#1337,#1338,#1339,#1340,#1341,#1342,#1343,#1344,#1345,#1346,
    #1347,#1348,#1349,#1350,#1351,#1352,#1353,#1354,#1355,#1356,#1357,
    #1358,#1359,#1360,#1361,#1362,#1363,#1364,#1365,#1366,#1367,#1368,
    #1369),.UNSPECIFIED.,.F.,.F.,(8,6,6,6,6,6,6,6,8),(0.,0.142387112869,
    0.277943541041,0.388659918996,0.524768036461,0.639822661833,
    0.771114272856,0.879641094043,1.),.UNSPECIFIED.);
#1320 = CARTESIAN_POINT('',(0.,-10.30999092558));
#1321 = CARTESIAN_POINT('',(-0.131599673369,-10.30999092558));
#1322 = CARTESIAN_POINT('',(-0.258805270804,-10.3631619354));
#1323 = CARTESIAN_POINT('',(-0.383802446094,-10.46310996494));
#1324 = CARTESIAN_POINT('',(-0.507847553993,-10.60067859439));
#1325 = CARTESIAN_POINT('',(-0.631699607378,-10.76474017265));
#1326 = CARTESIAN_POINT('',(-0.755665864707,-10.94408690784));
#1327 = CARTESIAN_POINT('',(-0.997678370519,-11.30455342522));
#1328 = CARTESIAN_POINT('',(-1.121591179085,-11.4939168403));
#1329 = CARTESIAN_POINT('',(-1.250624108115,-11.6880967576));
#1330 = CARTESIAN_POINT('',(-1.384664330087,-11.87697246509));
#1331 = CARTESIAN_POINT('',(-1.524017838457,-12.0520214424));
#1332 = CARTESIAN_POINT('',(-1.669334834039,-12.20691206589));
#1333 = CARTESIAN_POINT('',(-1.94691482709,-12.4457171331));
#1334 = CARTESIAN_POINT('',(-2.069328904808,-12.53110171831));
#1335 = CARTESIAN_POINT('',(-2.189468989656,-12.59633740382));
#1336 = CARTESIAN_POINT('',(-2.307166917322,-12.64461534709));
#1337 = CARTESIAN_POINT('',(-2.421981142583,-12.6796923633));
#1338 = CARTESIAN_POINT('',(-2.533082450955,-12.70487739179));
#1339 = CARTESIAN_POINT('',(-2.769070122876,-12.74467001532));
#1340 = CARTESIAN_POINT('',(-2.895672988982,-12.75627038654));
#1341 = CARTESIAN_POINT('',(-3.02006665217,-12.76180253278));
#1342 = CARTESIAN_POINT('',(-3.143355675835,-12.7633530109));
#1343 = CARTESIAN_POINT('',(-3.26667900823,-12.76132775461));
#1344 = CARTESIAN_POINT('',(-3.391246755901,-12.75469315912));
#1345 = CARTESIAN_POINT('',(-3.626224028594,-12.72812402157));
#1346 = CARTESIAN_POINT('',(-3.734015627399,-12.71061150896));
#1347 = CARTESIAN_POINT('',(-3.841783538084,-12.68630264928));
#1348 = CARTESIAN_POINT('',(-3.949480520447,-12.6532011298));
#1349 = CARTESIAN_POINT('',(-4.057121273854,-12.6091399341));
#1350 = CARTESIAN_POINT('',(-4.164778371766,-12.55225782612));
#1351 = CARTESIAN_POINT('',(-4.395565084144,-12.40031975228));
#1352 = CARTESIAN_POINT('',(-4.518318831329,-12.30128310406));
#1353 = CARTESIAN_POINT('',(-4.639675626423,-12.18341231922));
#1354 = CARTESIAN_POINT('',(-4.758752819236,-12.04806544024));
#1355 = CARTESIAN_POINT('',(-4.874492086138,-11.89975043207));
#1356 = CARTESIAN_POINT('',(-4.985524400989,-11.7461546981));
#1357 = CARTESIAN_POINT('',(-5.175228148508,-11.47233176055));
#1358 = CARTESIAN_POINT('',(-5.258452973882,-11.34764188074));
#1359 = CARTESIAN_POINT('',(-5.3396531937,-11.22394725118));
#1360 = CARTESIAN_POINT('',(-5.41937364439,-11.10286248703));
#1361 = CARTESIAN_POINT('',(-5.498132464117,-10.98600868877));
#1362 = CARTESIAN_POINT('',(-5.576448176855,-10.87517530921));
#1363 = CARTESIAN_POINT('',(-5.741834926381,-10.65859264513));
#1364 = CARTESIAN_POINT('',(-5.830136513044,-10.55313878826));
#1365 = CARTESIAN_POINT('',(-5.919230837954,-10.46121149089));
#1366 = CARTESIAN_POINT('',(-6.008928421017,-10.387629046));
#1367 = CARTESIAN_POINT('',(-6.099291325594,-10.33632419241));
#1368 = CARTESIAN_POINT('',(-6.190571238818,-10.30999092558));
#1369 = CARTESIAN_POINT('',(-6.28318530718,-10.30999092558));
#1370 = ( GEOMETRIC_REPRESENTATION_CONTEXT(2) 
PARAMETRIC_REPRESENTATION_CONTEXT() REPRESENTATION_CONTEXT('2D SPACE',''
  ) );
#1371 = ADVANCED_FACE('',(#1372),#325,.T.);
#1372 = FACE_BOUND('',#1373,.T.);
#1373 = EDGE_LOOP('',(#1374,#1375,#1376,#1377));
#1374 = ORIENTED_EDGE('',*,*,#962,.F.);
#1375 = ORIENTED_EDGE('',*,*,#341,.F.);
#1376 = ORIENTED_EDGE('',*,*,#311,.T.);
#1377 = ORIENTED_EDGE('',*,*,#987,.T.);
#1378 = ADVANCED_FACE('',(#1379),#253,.F.);
#1379 = FACE_BOUND('',#1380,.F.);
#1380 = EDGE_LOOP('',(#1381,#1382,#1403,#1404));
#1381 = ORIENTED_EDGE('',*,*,#232,.F.);
#1382 = ORIENTED_EDGE('',*,*,#1383,.F.);
#1383 = EDGE_CURVE('',#911,#205,#1384,.T.);
#1384 = SURFACE_CURVE('',#1385,(#1389,#1396),.PCURVE_S1.);
#1385 = LINE('',#1386,#1387);
#1386 = CARTESIAN_POINT('',(18.582787734891,9.,22.8000001));
#1387 = VECTOR('',#1388,1.);
#1388 = DIRECTION('',(0.,1.,-1.224646799147E-16));
#1389 = PCURVE('',#253,#1390);
#1390 = DEFINITIONAL_REPRESENTATION('',(#1391),#1395);
#1391 = LINE('',#1392,#1393);
#1392 = CARTESIAN_POINT('',(4.302402484978E-02,0.));
#1393 = VECTOR('',#1394,1.);
#1394 = DIRECTION('',(0.,1.));
#1395 = ( GEOMETRIC_REPRESENTATION_CONTEXT(2) 
PARAMETRIC_REPRESENTATION_CONTEXT() REPRESENTATION_CONTEXT('2D SPACE',''
  ) );
#1396 = PCURVE('',#220,#1397);
#1397 = DEFINITIONAL_REPRESENTATION('',(#1398),#1402);
#1398 = LINE('',#1399,#1400);
#1399 = CARTESIAN_POINT('',(46.582787734891,-1.));
#1400 = VECTOR('',#1401,1.);
#1401 = DIRECTION('',(0.,-1.));
#1402 = ( GEOMETRIC_REPRESENTATION_CONTEXT(2) 
PARAMETRIC_REPRESENTATION_CONTEXT() REPRESENTATION_CONTEXT('2D SPACE',''
  ) );
#1403 = ORIENTED_EDGE('',*,*,#933,.T.);
#1404 = ORIENTED_EDGE('',*,*,#763,.T.);
#1405 = ADVANCED_FACE('',(#1406,#1432,#1467),#220,.F.);
#1406 = FACE_BOUND('',#1407,.F.);
#1407 = EDGE_LOOP('',(#1408,#1409,#1410,#1411));
#1408 = ORIENTED_EDGE('',*,*,#910,.F.);
#1409 = ORIENTED_EDGE('',*,*,#1383,.T.);
#1410 = ORIENTED_EDGE('',*,*,#204,.T.);
#1411 = ORIENTED_EDGE('',*,*,#1412,.T.);
#1412 = EDGE_CURVE('',#177,#888,#1413,.T.);
#1413 = SURFACE_CURVE('',#1414,(#1418,#1425),.PCURVE_S1.);
#1414 = LINE('',#1415,#1416);
#1415 = CARTESIAN_POINT('',(28.,8.,22.8000001));
#1416 = VECTOR('',#1417,1.);
#1417 = DIRECTION('',(0.,-1.,1.224646799147E-16));
#1418 = PCURVE('',#220,#1419);
#1419 = DEFINITIONAL_REPRESENTATION('',(#1420),#1424);
#1420 = LINE('',#1421,#1422);
#1421 = CARTESIAN_POINT('',(56.,0.));
#1422 = VECTOR('',#1423,1.);
#1423 = DIRECTION('',(0.,1.));
#1424 = ( GEOMETRIC_REPRESENTATION_CONTEXT(2) 
PARAMETRIC_REPRESENTATION_CONTEXT() REPRESENTATION_CONTEXT('2D SPACE',''
  ) );
#1425 = PCURVE('',#192,#1426);
#1426 = DEFINITIONAL_REPRESENTATION('',(#1427),#1431);
#1427 = LINE('',#1428,#1429);
#1428 = CARTESIAN_POINT('',(0.,0.));
#1429 = VECTOR('',#1430,1.);
#1430 = DIRECTION('',(0.,-1.));
#1431 = ( GEOMETRIC_REPRESENTATION_CONTEXT(2) 
PARAMETRIC_REPRESENTATION_CONTEXT() REPRESENTATION_CONTEXT('2D SPACE',''
  ) );
#1432 = FACE_BOUND('',#1433,.F.);
#1433 = EDGE_LOOP('',(#1434));
#1434 = ORIENTED_EDGE('',*,*,#1435,.T.);
#1435 = EDGE_CURVE('',#1436,#1436,#1438,.T.);
#1436 = VERTEX_POINT('',#1437);
#1437 = CARTESIAN_POINT('',(24.75,3.,22.8000001));
#1438 = SURFACE_CURVE('',#1439,(#1444,#1455),.PCURVE_S1.);
#1439 = CIRCLE('',#1440,1.45);
#1440 = AXIS2_PLACEMENT_3D('',#1441,#1442,#1443);
#1441 = CARTESIAN_POINT('',(23.3,3.,22.8000001));
#1442 = DIRECTION('',(-0.,1.224646799147E-16,1.));
#1443 = DIRECTION('',(1.,0.,0.));
#1444 = PCURVE('',#220,#1445);
#1445 = DEFINITIONAL_REPRESENTATION('',(#1446),#1454);
#1446 = ( BOUNDED_CURVE() B_SPLINE_CURVE(2,(#1447,#1448,#1449,#1450,
#1451,#1452,#1453),.UNSPECIFIED.,.T.,.F.) B_SPLINE_CURVE_WITH_KNOTS((1,2
    ,2,2,2,1),(-2.094395102393,0.,2.094395102393,4.188790204786,
6.28318530718,8.377580409573),.UNSPECIFIED.) CURVE() 
GEOMETRIC_REPRESENTATION_ITEM() RATIONAL_B_SPLINE_CURVE((1.,0.5,1.,0.5,
1.,0.5,1.)) REPRESENTATION_ITEM('') );
#1447 = CARTESIAN_POINT('',(52.75,5.));
#1448 = CARTESIAN_POINT('',(52.75,2.488526329025));
#1449 = CARTESIAN_POINT('',(50.575,3.744263164513));
#1450 = CARTESIAN_POINT('',(48.4,5.));
#1451 = CARTESIAN_POINT('',(50.575,6.255736835487));
#1452 = CARTESIAN_POINT('',(52.75,7.511473670975));
#1453 = CARTESIAN_POINT('',(52.75,5.));
#1454 = ( GEOMETRIC_REPRESENTATION_CONTEXT(2) 
PARAMETRIC_REPRESENTATION_CONTEXT() REPRESENTATION_CONTEXT('2D SPACE',''
  ) );
#1455 = PCURVE('',#1456,#1461);
#1456 = CYLINDRICAL_SURFACE('',#1457,1.45);
#1457 = AXIS2_PLACEMENT_3D('',#1458,#1459,#1460);
#1458 = CARTESIAN_POINT('',(23.3,3.,23.6000001));
#1459 = DIRECTION('',(-0.,1.224646799147E-16,1.));
#1460 = DIRECTION('',(1.,0.,0.));
#1461 = DEFINITIONAL_REPRESENTATION('',(#1462),#1466);
#1462 = LINE('',#1463,#1464);
#1463 = CARTESIAN_POINT('',(-6.28318530718,-0.8));
#1464 = VECTOR('',#1465,1.);
#1465 = DIRECTION('',(1.,-0.));
#1466 = ( GEOMETRIC_REPRESENTATION_CONTEXT(2) 
PARAMETRIC_REPRESENTATION_CONTEXT() REPRESENTATION_CONTEXT('2D SPACE',''
  ) );
#1467 = FACE_BOUND('',#1468,.F.);
#1468 = EDGE_LOOP('',(#1469));
#1469 = ORIENTED_EDGE('',*,*,#1470,.T.);
#1470 = EDGE_CURVE('',#1471,#1471,#1473,.T.);
#1471 = VERTEX_POINT('',#1472);
#1472 = CARTESIAN_POINT('',(24.75,-3.,22.8000001));
#1473 = SURFACE_CURVE('',#1474,(#1479,#1490),.PCURVE_S1.);
#1474 = CIRCLE('',#1475,1.45);
#1475 = AXIS2_PLACEMENT_3D('',#1476,#1477,#1478);
#1476 = CARTESIAN_POINT('',(23.3,-3.,22.8000001));
#1477 = DIRECTION('',(-0.,1.224646799147E-16,1.));
#1478 = DIRECTION('',(1.,0.,0.));
#1479 = PCURVE('',#220,#1480);
#1480 = DEFINITIONAL_REPRESENTATION('',(#1481),#1489);
#1481 = ( BOUNDED_CURVE() B_SPLINE_CURVE(2,(#1482,#1483,#1484,#1485,
#1486,#1487,#1488),.UNSPECIFIED.,.T.,.F.) B_SPLINE_CURVE_WITH_KNOTS((1,2
    ,2,2,2,1),(-2.094395102393,0.,2.094395102393,4.188790204786,
6.28318530718,8.377580409573),.UNSPECIFIED.) CURVE() 
GEOMETRIC_REPRESENTATION_ITEM() RATIONAL_B_SPLINE_CURVE((1.,0.5,1.,0.5,
1.,0.5,1.)) REPRESENTATION_ITEM('') );
#1482 = CARTESIAN_POINT('',(52.75,11.));
#1483 = CARTESIAN_POINT('',(52.75,8.488526329025));
#1484 = CARTESIAN_POINT('',(50.575,9.744263164513));
#1485 = CARTESIAN_POINT('',(48.4,11.));
#1486 = CARTESIAN_POINT('',(50.575,12.255736835487));
#1487 = CARTESIAN_POINT('',(52.75,13.511473670975));
#1488 = CARTESIAN_POINT('',(52.75,11.));
#1489 = ( GEOMETRIC_REPRESENTATION_CONTEXT(2) 
PARAMETRIC_REPRESENTATION_CONTEXT() REPRESENTATION_CONTEXT('2D SPACE',''
  ) );
#1490 = PCURVE('',#1491,#1496);
#1491 = CYLINDRICAL_SURFACE('',#1492,1.45);
#1492 = AXIS2_PLACEMENT_3D('',#1493,#1494,#1495);
#1493 = CARTESIAN_POINT('',(23.3,-3.,23.6000001));
#1494 = DIRECTION('',(-0.,1.224646799147E-16,1.));
#1495 = DIRECTION('',(1.,0.,0.));
#1496 = DEFINITIONAL_REPRESENTATION('',(#1497),#1501);
#1497 = LINE('',#1498,#1499);
#1498 = CARTESIAN_POINT('',(-6.28318530718,-0.8));
#1499 = VECTOR('',#1500,1.);
#1500 = DIRECTION('',(1.,-0.));
#1501 = ( GEOMETRIC_REPRESENTATION_CONTEXT(2) 
PARAMETRIC_REPRESENTATION_CONTEXT() REPRESENTATION_CONTEXT('2D SPACE',''
  ) );
#1502 = ADVANCED_FACE('',(#1503),#192,.T.);
#1503 = FACE_BOUND('',#1504,.T.);
#1504 = EDGE_LOOP('',(#1505,#1506,#1507,#1508));
#1505 = ORIENTED_EDGE('',*,*,#176,.F.);
#1506 = ORIENTED_EDGE('',*,*,#1412,.T.);
#1507 = ORIENTED_EDGE('',*,*,#887,.T.);
#1508 = ORIENTED_EDGE('',*,*,#1009,.F.);
#1509 = ADVANCED_FACE('',(#1510),#501,.F.);
#1510 = FACE_BOUND('',#1511,.T.);
#1511 = EDGE_LOOP('',(#1512,#1541,#1562,#1563));
#1512 = ORIENTED_EDGE('',*,*,#1513,.F.);
#1513 = EDGE_CURVE('',#1514,#1514,#1516,.T.);
#1514 = VERTEX_POINT('',#1515);
#1515 = CARTESIAN_POINT('',(-20.8,3.,12.8000001));
#1516 = SURFACE_CURVE('',#1517,(#1522,#1529),.PCURVE_S1.);
#1517 = CIRCLE('',#1518,2.5);
#1518 = AXIS2_PLACEMENT_3D('',#1519,#1520,#1521);
#1519 = CARTESIAN_POINT('',(-23.3,3.,12.8000001));
#1520 = DIRECTION('',(0.,-1.224646799147E-16,-1.));
#1521 = DIRECTION('',(1.,0.,0.));
#1522 = PCURVE('',#501,#1523);
#1523 = DEFINITIONAL_REPRESENTATION('',(#1524),#1528);
#1524 = LINE('',#1525,#1526);
#1525 = CARTESIAN_POINT('',(-0.,0.));
#1526 = VECTOR('',#1527,1.);
#1527 = DIRECTION('',(-1.,0.));
#1528 = ( GEOMETRIC_REPRESENTATION_CONTEXT(2) 
PARAMETRIC_REPRESENTATION_CONTEXT() REPRESENTATION_CONTEXT('2D SPACE',''
  ) );
#1529 = PCURVE('',#1530,#1535);
#1530 = PLANE('',#1531);
#1531 = AXIS2_PLACEMENT_3D('',#1532,#1533,#1534);
#1532 = CARTESIAN_POINT('',(-23.3,3.,12.8000001));
#1533 = DIRECTION('',(0.,-1.224646799147E-16,-1.));
#1534 = DIRECTION('',(1.,0.,0.));
#1535 = DEFINITIONAL_REPRESENTATION('',(#1536),#1540);
#1536 = CIRCLE('',#1537,2.5);
#1537 = AXIS2_PLACEMENT_2D('',#1538,#1539);
#1538 = CARTESIAN_POINT('',(7.105427357601E-15,0.));
#1539 = DIRECTION('',(1.,0.));
#1540 = ( GEOMETRIC_REPRESENTATION_CONTEXT(2) 
PARAMETRIC_REPRESENTATION_CONTEXT() REPRESENTATION_CONTEXT('2D SPACE',''
  ) );
#1541 = ORIENTED_EDGE('',*,*,#1542,.T.);
#1542 = EDGE_CURVE('',#1514,#390,#1543,.T.);
#1543 = SEAM_CURVE('',#1544,(#1548,#1555),.PCURVE_S1.);
#1544 = LINE('',#1545,#1546);
#1545 = CARTESIAN_POINT('',(-20.8,3.,12.8000001));
#1546 = VECTOR('',#1547,1.);
#1547 = DIRECTION('',(0.,-1.224646799147E-16,-1.));
#1548 = PCURVE('',#501,#1549);
#1549 = DEFINITIONAL_REPRESENTATION('',(#1550),#1554);
#1550 = LINE('',#1551,#1552);
#1551 = CARTESIAN_POINT('',(-6.28318530718,0.));
#1552 = VECTOR('',#1553,1.);
#1553 = DIRECTION('',(-0.,-1.));
#1554 = ( GEOMETRIC_REPRESENTATION_CONTEXT(2) 
PARAMETRIC_REPRESENTATION_CONTEXT() REPRESENTATION_CONTEXT('2D SPACE',''
  ) );
#1555 = PCURVE('',#501,#1556);
#1556 = DEFINITIONAL_REPRESENTATION('',(#1557),#1561);
#1557 = LINE('',#1558,#1559);
#1558 = CARTESIAN_POINT('',(-0.,0.));
#1559 = VECTOR('',#1560,1.);
#1560 = DIRECTION('',(-0.,-1.));
#1561 = ( GEOMETRIC_REPRESENTATION_CONTEXT(2) 
PARAMETRIC_REPRESENTATION_CONTEXT() REPRESENTATION_CONTEXT('2D SPACE',''
  ) );
#1562 = ORIENTED_EDGE('',*,*,#389,.T.);
#1563 = ORIENTED_EDGE('',*,*,#1542,.F.);
#1564 = ADVANCED_FACE('',(#1565),#675,.F.);
#1565 = FACE_BOUND('',#1566,.T.);
#1566 = EDGE_LOOP('',(#1567,#1596,#1617,#1618));
#1567 = ORIENTED_EDGE('',*,*,#1568,.F.);
#1568 = EDGE_CURVE('',#1569,#1569,#1571,.T.);
#1569 = VERTEX_POINT('',#1570);
#1570 = CARTESIAN_POINT('',(-20.8,-3.,12.8000001));
#1571 = SURFACE_CURVE('',#1572,(#1577,#1584),.PCURVE_S1.);
#1572 = CIRCLE('',#1573,2.5);
#1573 = AXIS2_PLACEMENT_3D('',#1574,#1575,#1576);
#1574 = CARTESIAN_POINT('',(-23.3,-3.,12.8000001));
#1575 = DIRECTION('',(0.,-1.224646799147E-16,-1.));
#1576 = DIRECTION('',(1.,0.,0.));
#1577 = PCURVE('',#675,#1578);
#1578 = DEFINITIONAL_REPRESENTATION('',(#1579),#1583);
#1579 = LINE('',#1580,#1581);
#1580 = CARTESIAN_POINT('',(-0.,0.));
#1581 = VECTOR('',#1582,1.);
#1582 = DIRECTION('',(-1.,0.));
#1583 = ( GEOMETRIC_REPRESENTATION_CONTEXT(2) 
PARAMETRIC_REPRESENTATION_CONTEXT() REPRESENTATION_CONTEXT('2D SPACE',''
  ) );
#1584 = PCURVE('',#1585,#1590);
#1585 = PLANE('',#1586);
#1586 = AXIS2_PLACEMENT_3D('',#1587,#1588,#1589);
#1587 = CARTESIAN_POINT('',(-23.3,-3.,12.8000001));
#1588 = DIRECTION('',(0.,-1.224646799147E-16,-1.));
#1589 = DIRECTION('',(1.,0.,0.));
#1590 = DEFINITIONAL_REPRESENTATION('',(#1591),#1595);
#1591 = CIRCLE('',#1592,2.5);
#1592 = AXIS2_PLACEMENT_2D('',#1593,#1594);
#1593 = CARTESIAN_POINT('',(7.105427357601E-15,0.));
#1594 = DIRECTION('',(1.,0.));
#1595 = ( GEOMETRIC_REPRESENTATION_CONTEXT(2) 
PARAMETRIC_REPRESENTATION_CONTEXT() REPRESENTATION_CONTEXT('2D SPACE',''
  ) );
#1596 = ORIENTED_EDGE('',*,*,#1597,.T.);
#1597 = EDGE_CURVE('',#1569,#564,#1598,.T.);
#1598 = SEAM_CURVE('',#1599,(#1603,#1610),.PCURVE_S1.);
#1599 = LINE('',#1600,#1601);
#1600 = CARTESIAN_POINT('',(-20.8,-3.,12.8000001));
#1601 = VECTOR('',#1602,1.);
#1602 = DIRECTION('',(0.,-1.224646799147E-16,-1.));
#1603 = PCURVE('',#675,#1604);
#1604 = DEFINITIONAL_REPRESENTATION('',(#1605),#1609);
#1605 = LINE('',#1606,#1607);
#1606 = CARTESIAN_POINT('',(-6.28318530718,0.));
#1607 = VECTOR('',#1608,1.);
#1608 = DIRECTION('',(-0.,-1.));
#1609 = ( GEOMETRIC_REPRESENTATION_CONTEXT(2) 
PARAMETRIC_REPRESENTATION_CONTEXT() REPRESENTATION_CONTEXT('2D SPACE',''
  ) );
#1610 = PCURVE('',#675,#1611);
#1611 = DEFINITIONAL_REPRESENTATION('',(#1612),#1616);
#1612 = LINE('',#1613,#1614);
#1613 = CARTESIAN_POINT('',(-0.,0.));
#1614 = VECTOR('',#1615,1.);
#1615 = DIRECTION('',(-0.,-1.));
#1616 = ( GEOMETRIC_REPRESENTATION_CONTEXT(2) 
PARAMETRIC_REPRESENTATION_CONTEXT() REPRESENTATION_CONTEXT('2D SPACE',''
  ) );
#1617 = ORIENTED_EDGE('',*,*,#563,.T.);
#1618 = ORIENTED_EDGE('',*,*,#1597,.F.);
#1619 = ADVANCED_FACE('',(#1620),#807,.F.);
#1620 = FACE_BOUND('',#1621,.T.);
#1621 = EDGE_LOOP('',(#1622,#1645,#1646,#1647));
#1622 = ORIENTED_EDGE('',*,*,#1623,.F.);
#1623 = EDGE_CURVE('',#787,#1624,#1626,.T.);
#1624 = VERTEX_POINT('',#1625);
#1625 = CARTESIAN_POINT('',(-21.85,3.,12.8000001));
#1626 = SEAM_CURVE('',#1627,(#1631,#1638),.PCURVE_S1.);
#1627 = LINE('',#1628,#1629);
#1628 = CARTESIAN_POINT('',(-21.85,3.,23.6000001));
#1629 = VECTOR('',#1630,1.);
#1630 = DIRECTION('',(0.,-1.224646799147E-16,-1.));
#1631 = PCURVE('',#807,#1632);
#1632 = DEFINITIONAL_REPRESENTATION('',(#1633),#1637);
#1633 = LINE('',#1634,#1635);
#1634 = CARTESIAN_POINT('',(-6.28318530718,0.));
#1635 = VECTOR('',#1636,1.);
#1636 = DIRECTION('',(-0.,-1.));
#1637 = ( GEOMETRIC_REPRESENTATION_CONTEXT(2) 
PARAMETRIC_REPRESENTATION_CONTEXT() REPRESENTATION_CONTEXT('2D SPACE',''
  ) );
#1638 = PCURVE('',#807,#1639);
#1639 = DEFINITIONAL_REPRESENTATION('',(#1640),#1644);
#1640 = LINE('',#1641,#1642);
#1641 = CARTESIAN_POINT('',(-0.,0.));
#1642 = VECTOR('',#1643,1.);
#1643 = DIRECTION('',(-0.,-1.));
#1644 = ( GEOMETRIC_REPRESENTATION_CONTEXT(2) 
PARAMETRIC_REPRESENTATION_CONTEXT() REPRESENTATION_CONTEXT('2D SPACE',''
  ) );
#1645 = ORIENTED_EDGE('',*,*,#786,.T.);
#1646 = ORIENTED_EDGE('',*,*,#1623,.T.);
#1647 = ORIENTED_EDGE('',*,*,#1648,.F.);
#1648 = EDGE_CURVE('',#1624,#1624,#1649,.T.);
#1649 = SURFACE_CURVE('',#1650,(#1655,#1662),.PCURVE_S1.);
#1650 = CIRCLE('',#1651,1.45);
#1651 = AXIS2_PLACEMENT_3D('',#1652,#1653,#1654);
#1652 = CARTESIAN_POINT('',(-23.3,3.,12.8000001));
#1653 = DIRECTION('',(-0.,1.224646799147E-16,1.));
#1654 = DIRECTION('',(1.,0.,0.));
#1655 = PCURVE('',#807,#1656);
#1656 = DEFINITIONAL_REPRESENTATION('',(#1657),#1661);
#1657 = LINE('',#1658,#1659);
#1658 = CARTESIAN_POINT('',(-6.28318530718,-10.8));
#1659 = VECTOR('',#1660,1.);
#1660 = DIRECTION('',(1.,-0.));
#1661 = ( GEOMETRIC_REPRESENTATION_CONTEXT(2) 
PARAMETRIC_REPRESENTATION_CONTEXT() REPRESENTATION_CONTEXT('2D SPACE',''
  ) );
#1662 = PCURVE('',#1530,#1663);
#1663 = DEFINITIONAL_REPRESENTATION('',(#1664),#1672);
#1664 = ( BOUNDED_CURVE() B_SPLINE_CURVE(2,(#1665,#1666,#1667,#1668,
#1669,#1670,#1671),.UNSPECIFIED.,.T.,.F.) B_SPLINE_CURVE_WITH_KNOTS((1,2
    ,2,2,2,1),(-2.094395102393,0.,2.094395102393,4.188790204786,
6.28318530718,8.377580409573),.UNSPECIFIED.) CURVE() 
GEOMETRIC_REPRESENTATION_ITEM() RATIONAL_B_SPLINE_CURVE((1.,0.5,1.,0.5,
1.,0.5,1.)) REPRESENTATION_ITEM('') );
#1665 = CARTESIAN_POINT('',(1.45,0.));
#1666 = CARTESIAN_POINT('',(1.45,-2.511473670975));
#1667 = CARTESIAN_POINT('',(-0.725,-1.255736835487));
#1668 = CARTESIAN_POINT('',(-2.9,-3.551475717527E-16));
#1669 = CARTESIAN_POINT('',(-0.725,1.255736835487));
#1670 = CARTESIAN_POINT('',(1.45,2.511473670975));
#1671 = CARTESIAN_POINT('',(1.45,0.));
#1672 = ( GEOMETRIC_REPRESENTATION_CONTEXT(2) 
PARAMETRIC_REPRESENTATION_CONTEXT() REPRESENTATION_CONTEXT('2D SPACE',''
  ) );
#1673 = ADVANCED_FACE('',(#1674),#842,.F.);
#1674 = FACE_BOUND('',#1675,.T.);
#1675 = EDGE_LOOP('',(#1676,#1699,#1700,#1701));
#1676 = ORIENTED_EDGE('',*,*,#1677,.F.);
#1677 = EDGE_CURVE('',#822,#1678,#1680,.T.);
#1678 = VERTEX_POINT('',#1679);
#1679 = CARTESIAN_POINT('',(-21.85,-3.,12.8000001));
#1680 = SEAM_CURVE('',#1681,(#1685,#1692),.PCURVE_S1.);
#1681 = LINE('',#1682,#1683);
#1682 = CARTESIAN_POINT('',(-21.85,-3.,23.6000001));
#1683 = VECTOR('',#1684,1.);
#1684 = DIRECTION('',(0.,-1.224646799147E-16,-1.));
#1685 = PCURVE('',#842,#1686);
#1686 = DEFINITIONAL_REPRESENTATION('',(#1687),#1691);
#1687 = LINE('',#1688,#1689);
#1688 = CARTESIAN_POINT('',(-6.28318530718,0.));
#1689 = VECTOR('',#1690,1.);
#1690 = DIRECTION('',(-0.,-1.));
#1691 = ( GEOMETRIC_REPRESENTATION_CONTEXT(2) 
PARAMETRIC_REPRESENTATION_CONTEXT() REPRESENTATION_CONTEXT('2D SPACE',''
  ) );
#1692 = PCURVE('',#842,#1693);
#1693 = DEFINITIONAL_REPRESENTATION('',(#1694),#1698);
#1694 = LINE('',#1695,#1696);
#1695 = CARTESIAN_POINT('',(-0.,0.));
#1696 = VECTOR('',#1697,1.);
#1697 = DIRECTION('',(-0.,-1.));
#1698 = ( GEOMETRIC_REPRESENTATION_CONTEXT(2) 
PARAMETRIC_REPRESENTATION_CONTEXT() REPRESENTATION_CONTEXT('2D SPACE',''
  ) );
#1699 = ORIENTED_EDGE('',*,*,#821,.T.);
#1700 = ORIENTED_EDGE('',*,*,#1677,.T.);
#1701 = ORIENTED_EDGE('',*,*,#1702,.F.);
#1702 = EDGE_CURVE('',#1678,#1678,#1703,.T.);
#1703 = SURFACE_CURVE('',#1704,(#1709,#1716),.PCURVE_S1.);
#1704 = CIRCLE('',#1705,1.45);
#1705 = AXIS2_PLACEMENT_3D('',#1706,#1707,#1708);
#1706 = CARTESIAN_POINT('',(-23.3,-3.,12.8000001));
#1707 = DIRECTION('',(-0.,1.224646799147E-16,1.));
#1708 = DIRECTION('',(1.,0.,0.));
#1709 = PCURVE('',#842,#1710);
#1710 = DEFINITIONAL_REPRESENTATION('',(#1711),#1715);
#1711 = LINE('',#1712,#1713);
#1712 = CARTESIAN_POINT('',(-6.28318530718,-10.8));
#1713 = VECTOR('',#1714,1.);
#1714 = DIRECTION('',(1.,-0.));
#1715 = ( GEOMETRIC_REPRESENTATION_CONTEXT(2) 
PARAMETRIC_REPRESENTATION_CONTEXT() REPRESENTATION_CONTEXT('2D SPACE',''
  ) );
#1716 = PCURVE('',#1585,#1717);
#1717 = DEFINITIONAL_REPRESENTATION('',(#1718),#1726);
#1718 = ( BOUNDED_CURVE() B_SPLINE_CURVE(2,(#1719,#1720,#1721,#1722,
#1723,#1724,#1725),.UNSPECIFIED.,.T.,.F.) B_SPLINE_CURVE_WITH_KNOTS((1,2
    ,2,2,2,1),(-2.094395102393,0.,2.094395102393,4.188790204786,
6.28318530718,8.377580409573),.UNSPECIFIED.) CURVE() 
GEOMETRIC_REPRESENTATION_ITEM() RATIONAL_B_SPLINE_CURVE((1.,0.5,1.,0.5,
1.,0.5,1.)) REPRESENTATION_ITEM('') );
#1719 = CARTESIAN_POINT('',(1.45,0.));
#1720 = CARTESIAN_POINT('',(1.45,-2.511473670975));
#1721 = CARTESIAN_POINT('',(-0.725,-1.255736835487));
#1722 = CARTESIAN_POINT('',(-2.9,-3.551475717527E-16));
#1723 = CARTESIAN_POINT('',(-0.725,1.255736835487));
#1724 = CARTESIAN_POINT('',(1.45,2.511473670975));
#1725 = CARTESIAN_POINT('',(1.45,0.));
#1726 = ( GEOMETRIC_REPRESENTATION_CONTEXT(2) 
PARAMETRIC_REPRESENTATION_CONTEXT() REPRESENTATION_CONTEXT('2D SPACE',''
  ) );
#1727 = ADVANCED_FACE('',(#1728),#1142,.F.);
#1728 = FACE_BOUND('',#1729,.T.);
#1729 = EDGE_LOOP('',(#1730,#1759,#1780,#1781));
#1730 = ORIENTED_EDGE('',*,*,#1731,.F.);
#1731 = EDGE_CURVE('',#1732,#1732,#1734,.T.);
#1732 = VERTEX_POINT('',#1733);
#1733 = CARTESIAN_POINT('',(25.8,3.,12.8000001));
#1734 = SURFACE_CURVE('',#1735,(#1740,#1747),.PCURVE_S1.);
#1735 = CIRCLE('',#1736,2.5);
#1736 = AXIS2_PLACEMENT_3D('',#1737,#1738,#1739);
#1737 = CARTESIAN_POINT('',(23.3,3.,12.8000001));
#1738 = DIRECTION('',(0.,-1.224646799147E-16,-1.));
#1739 = DIRECTION('',(1.,0.,0.));
#1740 = PCURVE('',#1142,#1741);
#1741 = DEFINITIONAL_REPRESENTATION('',(#1742),#1746);
#1742 = LINE('',#1743,#1744);
#1743 = CARTESIAN_POINT('',(-0.,0.));
#1744 = VECTOR('',#1745,1.);
#1745 = DIRECTION('',(-1.,0.));
#1746 = ( GEOMETRIC_REPRESENTATION_CONTEXT(2) 
PARAMETRIC_REPRESENTATION_CONTEXT() REPRESENTATION_CONTEXT('2D SPACE',''
  ) );
#1747 = PCURVE('',#1748,#1753);
#1748 = PLANE('',#1749);
#1749 = AXIS2_PLACEMENT_3D('',#1750,#1751,#1752);
#1750 = CARTESIAN_POINT('',(23.3,3.,12.8000001));
#1751 = DIRECTION('',(0.,-1.224646799147E-16,-1.));
#1752 = DIRECTION('',(1.,0.,0.));
#1753 = DEFINITIONAL_REPRESENTATION('',(#1754),#1758);
#1754 = CIRCLE('',#1755,2.5);
#1755 = AXIS2_PLACEMENT_2D('',#1756,#1757);
#1756 = CARTESIAN_POINT('',(-1.42108547152E-14,0.));
#1757 = DIRECTION('',(1.,0.));
#1758 = ( GEOMETRIC_REPRESENTATION_CONTEXT(2) 
PARAMETRIC_REPRESENTATION_CONTEXT() REPRESENTATION_CONTEXT('2D SPACE',''
  ) );
#1759 = ORIENTED_EDGE('',*,*,#1760,.T.);
#1760 = EDGE_CURVE('',#1732,#1033,#1761,.T.);
#1761 = SEAM_CURVE('',#1762,(#1766,#1773),.PCURVE_S1.);
#1762 = LINE('',#1763,#1764);
#1763 = CARTESIAN_POINT('',(25.8,3.,12.8000001));
#1764 = VECTOR('',#1765,1.);
#1765 = DIRECTION('',(0.,-1.224646799147E-16,-1.));
#1766 = PCURVE('',#1142,#1767);
#1767 = DEFINITIONAL_REPRESENTATION('',(#1768),#1772);
#1768 = LINE('',#1769,#1770);
#1769 = CARTESIAN_POINT('',(-6.28318530718,0.));
#1770 = VECTOR('',#1771,1.);
#1771 = DIRECTION('',(-0.,-1.));
#1772 = ( GEOMETRIC_REPRESENTATION_CONTEXT(2) 
PARAMETRIC_REPRESENTATION_CONTEXT() REPRESENTATION_CONTEXT('2D SPACE',''
  ) );
#1773 = PCURVE('',#1142,#1774);
#1774 = DEFINITIONAL_REPRESENTATION('',(#1775),#1779);
#1775 = LINE('',#1776,#1777);
#1776 = CARTESIAN_POINT('',(-0.,0.));
#1777 = VECTOR('',#1778,1.);
#1778 = DIRECTION('',(-0.,-1.));
#1779 = ( GEOMETRIC_REPRESENTATION_CONTEXT(2) 
PARAMETRIC_REPRESENTATION_CONTEXT() REPRESENTATION_CONTEXT('2D SPACE',''
  ) );
#1780 = ORIENTED_EDGE('',*,*,#1032,.T.);
#1781 = ORIENTED_EDGE('',*,*,#1760,.F.);
#1782 = ADVANCED_FACE('',(#1783),#1313,.F.);
#1783 = FACE_BOUND('',#1784,.T.);
#1784 = EDGE_LOOP('',(#1785,#1814,#1835,#1836));
#1785 = ORIENTED_EDGE('',*,*,#1786,.F.);
#1786 = EDGE_CURVE('',#1787,#1787,#1789,.T.);
#1787 = VERTEX_POINT('',#1788);
#1788 = CARTESIAN_POINT('',(25.8,-3.,12.8000001));
#1789 = SURFACE_CURVE('',#1790,(#1795,#1802),.PCURVE_S1.);
#1790 = CIRCLE('',#1791,2.5);
#1791 = AXIS2_PLACEMENT_3D('',#1792,#1793,#1794);
#1792 = CARTESIAN_POINT('',(23.3,-3.,12.8000001));
#1793 = DIRECTION('',(0.,-1.224646799147E-16,-1.));
#1794 = DIRECTION('',(1.,0.,0.));
#1795 = PCURVE('',#1313,#1796);
#1796 = DEFINITIONAL_REPRESENTATION('',(#1797),#1801);
#1797 = LINE('',#1798,#1799);
#1798 = CARTESIAN_POINT('',(-0.,0.));
#1799 = VECTOR('',#1800,1.);
#1800 = DIRECTION('',(-1.,0.));
#1801 = ( GEOMETRIC_REPRESENTATION_CONTEXT(2) 
PARAMETRIC_REPRESENTATION_CONTEXT() REPRESENTATION_CONTEXT('2D SPACE',''
  ) );
#1802 = PCURVE('',#1803,#1808);
#1803 = PLANE('',#1804);
#1804 = AXIS2_PLACEMENT_3D('',#1805,#1806,#1807);
#1805 = CARTESIAN_POINT('',(23.3,-3.,12.8000001));
#1806 = DIRECTION('',(0.,-1.224646799147E-16,-1.));
#1807 = DIRECTION('',(1.,0.,0.));
#1808 = DEFINITIONAL_REPRESENTATION('',(#1809),#1813);
#1809 = CIRCLE('',#1810,2.5);
#1810 = AXIS2_PLACEMENT_2D('',#1811,#1812);
#1811 = CARTESIAN_POINT('',(0.,0.));
#1812 = DIRECTION('',(1.,0.));
#1813 = ( GEOMETRIC_REPRESENTATION_CONTEXT(2) 
PARAMETRIC_REPRESENTATION_CONTEXT() REPRESENTATION_CONTEXT('2D SPACE',''
  ) );
#1814 = ORIENTED_EDGE('',*,*,#1815,.T.);
#1815 = EDGE_CURVE('',#1787,#1204,#1816,.T.);
#1816 = SEAM_CURVE('',#1817,(#1821,#1828),.PCURVE_S1.);
#1817 = LINE('',#1818,#1819);
#1818 = CARTESIAN_POINT('',(25.8,-3.,12.8000001));
#1819 = VECTOR('',#1820,1.);
#1820 = DIRECTION('',(0.,-1.224646799147E-16,-1.));
#1821 = PCURVE('',#1313,#1822);
#1822 = DEFINITIONAL_REPRESENTATION('',(#1823),#1827);
#1823 = LINE('',#1824,#1825);
#1824 = CARTESIAN_POINT('',(-6.28318530718,0.));
#1825 = VECTOR('',#1826,1.);
#1826 = DIRECTION('',(-0.,-1.));
#1827 = ( GEOMETRIC_REPRESENTATION_CONTEXT(2) 
PARAMETRIC_REPRESENTATION_CONTEXT() REPRESENTATION_CONTEXT('2D SPACE',''
  ) );
#1828 = PCURVE('',#1313,#1829);
#1829 = DEFINITIONAL_REPRESENTATION('',(#1830),#1834);
#1830 = LINE('',#1831,#1832);
#1831 = CARTESIAN_POINT('',(-0.,0.));
#1832 = VECTOR('',#1833,1.);
#1833 = DIRECTION('',(-0.,-1.));
#1834 = ( GEOMETRIC_REPRESENTATION_CONTEXT(2) 
PARAMETRIC_REPRESENTATION_CONTEXT() REPRESENTATION_CONTEXT('2D SPACE',''
  ) );
#1835 = ORIENTED_EDGE('',*,*,#1203,.T.);
#1836 = ORIENTED_EDGE('',*,*,#1815,.F.);
#1837 = ADVANCED_FACE('',(#1838),#1456,.F.);
#1838 = FACE_BOUND('',#1839,.T.);
#1839 = EDGE_LOOP('',(#1840,#1863,#1864,#1865));
#1840 = ORIENTED_EDGE('',*,*,#1841,.F.);
#1841 = EDGE_CURVE('',#1436,#1842,#1844,.T.);
#1842 = VERTEX_POINT('',#1843);
#1843 = CARTESIAN_POINT('',(24.75,3.,12.8000001));
#1844 = SEAM_CURVE('',#1845,(#1849,#1856),.PCURVE_S1.);
#1845 = LINE('',#1846,#1847);
#1846 = CARTESIAN_POINT('',(24.75,3.,23.6000001));
#1847 = VECTOR('',#1848,1.);
#1848 = DIRECTION('',(0.,-1.224646799147E-16,-1.));
#1849 = PCURVE('',#1456,#1850);
#1850 = DEFINITIONAL_REPRESENTATION('',(#1851),#1855);
#1851 = LINE('',#1852,#1853);
#1852 = CARTESIAN_POINT('',(-6.28318530718,0.));
#1853 = VECTOR('',#1854,1.);
#1854 = DIRECTION('',(-0.,-1.));
#1855 = ( GEOMETRIC_REPRESENTATION_CONTEXT(2) 
PARAMETRIC_REPRESENTATION_CONTEXT() REPRESENTATION_CONTEXT('2D SPACE',''
  ) );
#1856 = PCURVE('',#1456,#1857);
#1857 = DEFINITIONAL_REPRESENTATION('',(#1858),#1862);
#1858 = LINE('',#1859,#1860);
#1859 = CARTESIAN_POINT('',(-0.,0.));
#1860 = VECTOR('',#1861,1.);
#1861 = DIRECTION('',(-0.,-1.));
#1862 = ( GEOMETRIC_REPRESENTATION_CONTEXT(2) 
PARAMETRIC_REPRESENTATION_CONTEXT() REPRESENTATION_CONTEXT('2D SPACE',''
  ) );
#1863 = ORIENTED_EDGE('',*,*,#1435,.T.);
#1864 = ORIENTED_EDGE('',*,*,#1841,.T.);
#1865 = ORIENTED_EDGE('',*,*,#1866,.F.);
#1866 = EDGE_CURVE('',#1842,#1842,#1867,.T.);
#1867 = SURFACE_CURVE('',#1868,(#1873,#1880),.PCURVE_S1.);
#1868 = CIRCLE('',#1869,1.45);
#1869 = AXIS2_PLACEMENT_3D('',#1870,#1871,#1872);
#1870 = CARTESIAN_POINT('',(23.3,3.,12.8000001));
#1871 = DIRECTION('',(-0.,1.224646799147E-16,1.));
#1872 = DIRECTION('',(1.,0.,0.));
#1873 = PCURVE('',#1456,#1874);
#1874 = DEFINITIONAL_REPRESENTATION('',(#1875),#1879);
#1875 = LINE('',#1876,#1877);
#1876 = CARTESIAN_POINT('',(-6.28318530718,-10.8));
#1877 = VECTOR('',#1878,1.);
#1878 = DIRECTION('',(1.,-0.));
#1879 = ( GEOMETRIC_REPRESENTATION_CONTEXT(2) 
PARAMETRIC_REPRESENTATION_CONTEXT() REPRESENTATION_CONTEXT('2D SPACE',''
  ) );
#1880 = PCURVE('',#1748,#1881);
#1881 = DEFINITIONAL_REPRESENTATION('',(#1882),#1890);
#1882 = ( BOUNDED_CURVE() B_SPLINE_CURVE(2,(#1883,#1884,#1885,#1886,
#1887,#1888,#1889),.UNSPECIFIED.,.T.,.F.) B_SPLINE_CURVE_WITH_KNOTS((1,2
    ,2,2,2,1),(-2.094395102393,0.,2.094395102393,4.188790204786,
6.28318530718,8.377580409573),.UNSPECIFIED.) CURVE() 
GEOMETRIC_REPRESENTATION_ITEM() RATIONAL_B_SPLINE_CURVE((1.,0.5,1.,0.5,
1.,0.5,1.)) REPRESENTATION_ITEM('') );
#1883 = CARTESIAN_POINT('',(1.45,0.));
#1884 = CARTESIAN_POINT('',(1.45,-2.511473670975));
#1885 = CARTESIAN_POINT('',(-0.725,-1.255736835487));
#1886 = CARTESIAN_POINT('',(-2.9,-3.551475717527E-16));
#1887 = CARTESIAN_POINT('',(-0.725,1.255736835487));
#1888 = CARTESIAN_POINT('',(1.45,2.511473670975));
#1889 = CARTESIAN_POINT('',(1.45,0.));
#1890 = ( GEOMETRIC_REPRESENTATION_CONTEXT(2) 
PARAMETRIC_REPRESENTATION_CONTEXT() REPRESENTATION_CONTEXT('2D SPACE',''
  ) );
#1891 = ADVANCED_FACE('',(#1892),#1491,.F.);
#1892 = FACE_BOUND('',#1893,.T.);
#1893 = EDGE_LOOP('',(#1894,#1917,#1918,#1919));
#1894 = ORIENTED_EDGE('',*,*,#1895,.F.);
#1895 = EDGE_CURVE('',#1471,#1896,#1898,.T.);
#1896 = VERTEX_POINT('',#1897);
#1897 = CARTESIAN_POINT('',(24.75,-3.,12.8000001));
#1898 = SEAM_CURVE('',#1899,(#1903,#1910),.PCURVE_S1.);
#1899 = LINE('',#1900,#1901);
#1900 = CARTESIAN_POINT('',(24.75,-3.,23.6000001));
#1901 = VECTOR('',#1902,1.);
#1902 = DIRECTION('',(0.,-1.224646799147E-16,-1.));
#1903 = PCURVE('',#1491,#1904);
#1904 = DEFINITIONAL_REPRESENTATION('',(#1905),#1909);
#1905 = LINE('',#1906,#1907);
#1906 = CARTESIAN_POINT('',(-6.28318530718,0.));
#1907 = VECTOR('',#1908,1.);
#1908 = DIRECTION('',(-0.,-1.));
#1909 = ( GEOMETRIC_REPRESENTATION_CONTEXT(2) 
PARAMETRIC_REPRESENTATION_CONTEXT() REPRESENTATION_CONTEXT('2D SPACE',''
  ) );
#1910 = PCURVE('',#1491,#1911);
#1911 = DEFINITIONAL_REPRESENTATION('',(#1912),#1916);
#1912 = LINE('',#1913,#1914);
#1913 = CARTESIAN_POINT('',(-0.,0.));
#1914 = VECTOR('',#1915,1.);
#1915 = DIRECTION('',(-0.,-1.));
#1916 = ( GEOMETRIC_REPRESENTATION_CONTEXT(2) 
PARAMETRIC_REPRESENTATION_CONTEXT() REPRESENTATION_CONTEXT('2D SPACE',''
  ) );
#1917 = ORIENTED_EDGE('',*,*,#1470,.T.);
#1918 = ORIENTED_EDGE('',*,*,#1895,.T.);
#1919 = ORIENTED_EDGE('',*,*,#1920,.F.);
#1920 = EDGE_CURVE('',#1896,#1896,#1921,.T.);
#1921 = SURFACE_CURVE('',#1922,(#1927,#1934),.PCURVE_S1.);
#1922 = CIRCLE('',#1923,1.45);
#1923 = AXIS2_PLACEMENT_3D('',#1924,#1925,#1926);
#1924 = CARTESIAN_POINT('',(23.3,-3.,12.8000001));
#1925 = DIRECTION('',(-0.,1.224646799147E-16,1.));
#1926 = DIRECTION('',(1.,0.,0.));
#1927 = PCURVE('',#1491,#1928);
#1928 = DEFINITIONAL_REPRESENTATION('',(#1929),#1933);
#1929 = LINE('',#1930,#1931);
#1930 = CARTESIAN_POINT('',(-6.28318530718,-10.8));
#1931 = VECTOR('',#1932,1.);
#1932 = DIRECTION('',(1.,-0.));
#1933 = ( GEOMETRIC_REPRESENTATION_CONTEXT(2) 
PARAMETRIC_REPRESENTATION_CONTEXT() REPRESENTATION_CONTEXT('2D SPACE',''
  ) );
#1934 = PCURVE('',#1803,#1935);
#1935 = DEFINITIONAL_REPRESENTATION('',(#1936),#1944);
#1936 = ( BOUNDED_CURVE() B_SPLINE_CURVE(2,(#1937,#1938,#1939,#1940,
#1941,#1942,#1943),.UNSPECIFIED.,.T.,.F.) B_SPLINE_CURVE_WITH_KNOTS((1,2
    ,2,2,2,1),(-2.094395102393,0.,2.094395102393,4.188790204786,
6.28318530718,8.377580409573),.UNSPECIFIED.) CURVE() 
GEOMETRIC_REPRESENTATION_ITEM() RATIONAL_B_SPLINE_CURVE((1.,0.5,1.,0.5,
1.,0.5,1.)) REPRESENTATION_ITEM('') );
#1937 = CARTESIAN_POINT('',(1.45,0.));
#1938 = CARTESIAN_POINT('',(1.45,-2.511473670975));
#1939 = CARTESIAN_POINT('',(-0.725,-1.255736835487));
#1940 = CARTESIAN_POINT('',(-2.9,-3.551475717527E-16));
#1941 = CARTESIAN_POINT('',(-0.725,1.255736835487));
#1942 = CARTESIAN_POINT('',(1.45,2.511473670975));
#1943 = CARTESIAN_POINT('',(1.45,0.));
#1944 = ( GEOMETRIC_REPRESENTATION_CONTEXT(2) 
PARAMETRIC_REPRESENTATION_CONTEXT() REPRESENTATION_CONTEXT('2D SPACE',''
  ) );
#1945 = ADVANCED_FACE('',(#1946,#1949),#1530,.T.);
#1946 = FACE_BOUND('',#1947,.T.);
#1947 = EDGE_LOOP('',(#1948));
#1948 = ORIENTED_EDGE('',*,*,#1513,.T.);
#1949 = FACE_BOUND('',#1950,.T.);
#1950 = EDGE_LOOP('',(#1951));
#1951 = ORIENTED_EDGE('',*,*,#1648,.T.);
#1952 = ADVANCED_FACE('',(#1953,#1956),#1585,.T.);
#1953 = FACE_BOUND('',#1954,.T.);
#1954 = EDGE_LOOP('',(#1955));
#1955 = ORIENTED_EDGE('',*,*,#1568,.T.);
#1956 = FACE_BOUND('',#1957,.T.);
#1957 = EDGE_LOOP('',(#1958));
#1958 = ORIENTED_EDGE('',*,*,#1702,.T.);
#1959 = ADVANCED_FACE('',(#1960,#1963),#1748,.T.);
#1960 = FACE_BOUND('',#1961,.T.);
#1961 = EDGE_LOOP('',(#1962));
#1962 = ORIENTED_EDGE('',*,*,#1731,.T.);
#1963 = FACE_BOUND('',#1964,.T.);
#1964 = EDGE_LOOP('',(#1965));
#1965 = ORIENTED_EDGE('',*,*,#1866,.T.);
#1966 = ADVANCED_FACE('',(#1967,#1970),#1803,.T.);
#1967 = FACE_BOUND('',#1968,.T.);
#1968 = EDGE_LOOP('',(#1969));
#1969 = ORIENTED_EDGE('',*,*,#1786,.T.);
#1970 = FACE_BOUND('',#1971,.T.);
#1971 = EDGE_LOOP('',(#1972));
#1972 = ORIENTED_EDGE('',*,*,#1920,.T.);
#1973 = ( GEOMETRIC_REPRESENTATION_CONTEXT(3) 
GLOBAL_UNCERTAINTY_ASSIGNED_CONTEXT((#1977)) 
GLOBAL_UNIT_ASSIGNED_CONTEXT((#1974,#1975,#1976)) REPRESENTATION_CONTEXT
('Context #1','3D Context with UNIT and UNCERTAINTY') );
#1974 = ( LENGTH_UNIT() NAMED_UNIT(*) SI_UNIT(.MILLI.,.METRE.) );
#1975 = ( NAMED_UNIT(*) PLANE_ANGLE_UNIT() SI_UNIT($,.RADIAN.) );
#1976 = ( NAMED_UNIT(*) SI_UNIT($,.STERADIAN.) SOLID_ANGLE_UNIT() );
#1977 = UNCERTAINTY_MEASURE_WITH_UNIT(LENGTH_MEASURE(2.E-07),#1974,
  'distance_accuracy_value','confusion accuracy');
#1978 = PRODUCT_RELATED_PRODUCT_CATEGORY('part',$,(#7));
ENDSEC;
END-ISO-10303-21;
